candidate,seed,mode,norm_t32,survival_t16,survival_t32,effective_rank_t32,cycle_period
candidate-0,101,autonomous,0.4559386264401151,0.6306091565781141,0.4141461138259581,3.9999866790959615,
candidate-0,101,driven,0.44626958787964555,0.6310310920086339,0.4147972170018853,3.9999865455615775,
candidate-0,202,autonomous,0.3803344733225722,0.6178127283887109,0.38425199509209085,3.9999659479152037,
candidate-0,202,driven,0.3794002686482218,0.6178112579413906,0.38424955524012216,3.9999659499424376,
candidate-0,303,autonomous,0.48553268590746873,0.5886158015165914,0.35148455248482596,3.9999653142061944,
candidate-0,303,driven,0.48501324045708816,0.5885267979397124,0.3513986754801008,3.999965277176005,
candidate-1,101,autonomous,0.4559386264401151,0.6306091565781141,0.4141461138259581,3.9999866790959615,
candidate-1,101,driven,0.4293987771912286,0.6316992582965556,0.4157343753638077,3.999986374849261,
candidate-1,202,autonomous,0.3803344733225722,0.6178127283887109,0.38425199509209085,3.9999659479152037,
candidate-1,202,driven,0.37770801473574267,0.6178068614377519,0.38424237413094803,3.999965960815446,
candidate-1,303,autonomous,0.48553268590746873,0.5886158015165914,0.35148455248482596,3.9999653142061944,
candidate-1,303,driven,0.4853726575588931,0.5883522092850924,0.35122259096353664,3.9999652873783336,
candidate-2,101,autonomous,0.4559386264401151,0.6306091565781141,0.4141461138259581,3.9999866790959615,
candidate-2,101,driven,0.41654480665818416,0.6321044268850786,0.4161379206432031,3.9999863367151094,
candidate-2,202,autonomous,0.3803344733225722,0.6178127283887109,0.38425199509209085,3.9999659479152037,
candidate-2,202,driven,0.3762536919761783,0.6178005288106146,0.38423213192686784,3.999965980762647,
candidate-2,303,autonomous,0.48553268590746873,0.5886158015165914,0.35148455248482596,3.9999653142061944,
candidate-2,303,driven,0.4875477142076152,0.5881828142928208,0.3510414880146737,3.9999654097014594,
candidate-3,101,autonomous,0.4523766649547337,0.6289732341344089,0.4118478364289284,3.9999871357348193,
candidate-3,101,driven,0.44352160749539804,0.6297313776340955,0.41303640197944597,3.9999868837913666,
candidate-3,202,autonomous,0.3803253051271704,0.6178317473391405,0.3842636667524002,3.9999659636143456,
candidate-3,202,driven,0.37939139129515953,0.6178287985512341,0.3842587865402301,3.9999659676658217,
candidate-3,303,autonomous,0.48385932539307697,0.5896912746707997,0.3520702225264765,3.9999660510186996,
candidate-3,303,driven,0.48338704637742075,0.5895233576992108,0.3519047031479136,3.999965979707668,
candidate-4,101,autonomous,0.4523766649547337,0.6289732341344089,0.4118478364289284,3.9999871357348193,
candidate-4,101,driven,0.4277318959307333,0.6309784531539546,0.41480141356736816,3.9999865603708478,
candidate-4,202,autonomous,0.3803253051271704,0.6178317473391405,0.3842636667524002,3.9999659636143456,
candidate-4,202,driven,0.37770007006580475,0.6178199964913497,0.38424443624669535,3.9999659893845454,
candidate-4,303,autonomous,0.48385932539307697,0.5896912746707997,0.3520702225264765,3.9999660510186996,
candidate-4,303,driven,0.48368921856516844,0.589195962628158,0.35156797771172443,3.9999660008272087,
candidate-5,101,autonomous,0.4523766649547337,0.6289732341344089,0.4118478364289284,3.9999871357348193,
candidate-5,101,driven,0.4154646602082615,0.6317675054545469,0.4155833521235265,3.9999864929207343,
candidate-5,202,autonomous,0.3803253051271704,0.6178317473391405,0.3842636667524002,3.9999659636143456,
candidate-5,202,driven,0.3762476104059193,0.6178073404567065,0.3842239957527149,3.9999660291891086,
candidate-5,303,autonomous,0.48385932539307697,0.5896912746707997,0.3520702225264765,3.9999660510186996,
candidate-5,303,driven,0.48556836226254246,0.5888820581430014,0.35122640629574703,3.9999662393479025,
candidate-6,101,autonomous,0.44617960683378827,0.6261586190048579,0.4078729491314743,3.9999879367201223,
candidate-6,101,driven,0.438699550808992,0.6273989058250466,0.40987836708189174,3.999987483489389,
candidate-6,202,autonomous,0.3803070575089508,0.6178691665245456,0.38428663613127884,3.9999659950169493,
candidate-6,202,driven,0.3793737286058334,0.6178632384872256,0.3842768742511176,3.9999660031079434,
candidate-6,303,autonomous,0.48075176550685844,0.5915877406498321,0.35316954289294583,3.9999674295930805,
candidate-6,303,driven,0.4803601433098096,0.591287547990184,0.3528617714320878,3.999967296836471,
candidate-7,101,autonomous,0.44617960683378827,0.6261586190048579,0.4078729491314743,3.9999879367201223,
candidate-7,101,driven,0.42477213784394025,0.6295863889267709,0.4130317817948406,3.999986897292687,
candidate-7,202,autonomous,0.3803070575089508,0.6178691665245456,0.38428663613127884,3.9999659950169493,
candidate-7,202,driven,0.3776842798597413,0.6178456007659459,0.38424822246389895,3.9999660464365903,
candidate-7,303,autonomous,0.48075176550685844,0.5915877406498321,0.35316954289294583,3.9999674295930805,
candidate-7,303,driven,0.48054351952013163,0.5907095711518598,0.35224482286767006,3.9999673411720966,
candidate-8,101,autonomous,0.44617960683378827,0.6261586190048579,0.4078729491314743,3.9999879367201223,
candidate-8,101,driven,0.41352619787419403,0.6310844576162797,0.41450534049540533,3.9999867929027473,
candidate-8,202,autonomous,0.3803070575089508,0.6178691665245456,0.38428663613127884,3.9999659950169493,
candidate-8,202,driven,0.3762355443755438,0.6178203282456429,0.3842075174355229,3.9999661256885575,
candidate-8,303,autonomous,0.48075176550685844,0.5915877406498321,0.35316954289294583,3.9999674295930805,
candidate-8,303,driven,0.48187049195794857,0.5901684140969795,0.3516349968362396,3.9999677949768047,
candidate-9,101,autonomous,0.521472452319457,0.6441634456876588,0.4508618197133297,3.9999672635182018,
candidate-9,101,driven,0.5054345694671827,0.6456959781514832,0.4536864704396865,3.9999664699303388,
candidate-9,202,autonomous,0.3826840228448796,0.6211422433690228,0.3917310963077195,3.9999363067626033,
candidate-9,202,driven,0.3815012636922515,0.6211356910913257,0.391719984636802,3.999936314563131,
candidate-9,303,autonomous,0.5667249744192189,0.5809614457214528,0.34900205760939457,3.9999129351929765,
candidate-9,303,driven,0.5651294460471898,0.5806879038802258,0.34876057433288155,3.9999124622015536,
candidate-10,101,autonomous,0.521472452319457,0.6441634456876588,0.4508618197133297,3.9999672635182018,
candidate-10,101,driven,0.47672457850730926,0.6482496202100857,0.45792894185375843,3.999965356490633,
candidate-10,202,autonomous,0.3826840228448796,0.6211422433690228,0.3917310963077195,3.9999363067626033,
candidate-10,202,driven,0.37953445732831703,0.621117012842783,0.39168829822444917,3.999936360231233,
candidate-10,303,autonomous,0.5667249744192189,0.5809614457214528,0.34900205760939457,3.9999129351929765,
candidate-10,303,driven,0.5642213012718311,0.5801464413339691,0.34824468942600445,3.999911993648535,
candidate-11,101,autonomous,0.521472452319457,0.6441634456876588,0.4508618197133297,3.9999672635182018,
candidate-11,101,driven,0.4550580873618392,0.6498799321418318,0.45978522090110086,3.9999648950541,
candidate-11,202,autonomous,0.3826840228448796,0.6211422433690228,0.3917310963077195,3.9999363067626033,
candidate-11,202,driven,0.3781065401817318,0.6210909465934473,0.39164406709605476,3.999936445788145,
candidate-11,303,autonomous,0.5667249744192189,0.5809614457214528,0.34900205760939457,3.9999129351929765,
candidate-11,303,driven,0.5662533834816321,0.5796166988997238,0.34768946072271867,3.99991217356232,
candidate-12,101,autonomous,0.5073313532594529,0.6384350937851259,0.4420675121973177,3.9999699311768167,
candidate-12,101,driven,0.4941820551785379,0.6408356176992226,0.44665314532902933,3.999968566208212,
candidate-12,202,autonomous,0.3826532328304687,0.621194549707625,0.39175631414152595,3.99993634604999,
candidate-12,202,driven,0.38147054268203406,0.6211814247323462,0.39173412235974525,3.9999363616208323,
candidate-12,303,autonomous,0.5592882101650045,0.5836713791948379,0.34950692933068483,3.9999185263273382,
candidate-12,303,driven,0.5579462128621205,0.5831863291048248,0.3490483308123092,3.99991767214172,
candidate-13,101,autonomous,0.5073313532594529,0.6384350937851259,0.4420675121973177,3.9999699311768167,
candidate-13,101,driven,0.4694420153724764,0.6451709561646235,0.45403417800834905,3.999966673220527,
candidate-13,202,autonomous,0.3826532328304687,0.621194549707625,0.39175631414152595,3.99993634604999,
candidate-13,202,driven,0.379503748849014,0.6211441100836493,0.39167095251219386,3.9999364526858545,
candidate-13,303,autonomous,0.5592882101650045,0.5836713791948379,0.34950692933068483,3.9999185263273382,
candidate-13,303,driven,0.5570181801501705,0.5822404804322131,0.34809531082948075,3.9999168345428835,
candidate-14,101,autonomous,0.5073313532594529,0.6384350937851259,0.4420675121973177,3.9999699311768167,
candidate-14,101,driven,0.44999821199627693,0.6481992679469023,0.4574610546830579,3.999965971089506,
candidate-14,202,autonomous,0.3826532328304687,0.621194549707625,0.39175631414152595,3.99993634604999,
candidate-14,202,driven,0.37807626687369666,0.6210922147927754,0.3915830218986255,3.999936622853677,
candidate-14,303,autonomous,0.5592882101650045,0.5836713791948379,0.34950692933068483,3.9999185263273382,
candidate-14,303,driven,0.558243442165464,0.5813396993755757,0.3471093129752455,3.9999171992363114,
candidate-15,101,autonomous,0.4861981974280928,0.6300808043305947,0.4290551166154934,3.9999736854075465,
candidate-15,101,driven,0.47710029471487075,0.633211917151339,0.4354437432223754,3.9999715287196684,
candidate-15,202,autonomous,0.38259228151929014,0.6212952563678014,0.39180447491374376,3.999936424806441,
candidate-15,202,driven,0.3814097698527947,0.6212689376661233,0.39176022371100805,3.9999364558291677,
candidate-15,303,autonomous,0.5467252486109485,0.5879210371860429,0.350914787555145,3.9999277242795226,
candidate-15,303,driven,0.5457554615128275,0.5871470363555763,0.3501027859873236,3.99992629721246,
candidate-16,101,autonomous,0.4861981974280928,0.6300808043305947,0.4290551166154934,3.9999736854075465,
candidate-16,101,driven,0.4581436696063903,0.6396837561497809,0.4469739793350912,3.9999686002919472,
candidate-16,202,autonomous,0.38259228151929014,0.6212952563678014,0.39180447491374376,3.999936424806441,
candidate-16,202,driven,0.37944312942897007,0.6211945021337439,0.3916347030305948,3.999936636889117,
candidate-16,303,autonomous,0.5467252486109485,0.5879210371860429,0.350914787555145,3.9999277242795226,
candidate-16,303,driven,0.544700419578156,0.585682983565686,0.34848264962968156,3.9999249243019195,
candidate-17,101,autonomous,0.4861981974280928,0.6300808043305947,0.4290551166154934,3.9999736854075465,
candidate-17,101,driven,0.4419830587760756,0.6449688873169555,0.4528995036765926,3.9999678119964557,
candidate-17,202,autonomous,0.38259228151929014,0.6212952563678014,0.39180447491374376,3.999936424806441,
candidate-17,202,driven,0.37801670238152224,0.6210916752043636,0.3914609497532649,3.9999369735125767,
candidate-17,303,autonomous,0.5467252486109485,0.5879210371860429,0.350914787555145,3.9999277242795226,
candidate-17,303,driven,0.5445299741200449,0.5843594983304831,0.34690660571426946,3.999925654824666,
candidate-18,101,autonomous,0.5950087320824308,0.6581061340933879,0.49327429871954664,3.9999409631915417,
candidate-18,101,driven,0.5741325934408059,0.6616775222508144,0.50116548115025,3.9999377747405744,
candidate-18,202,autonomous,0.3853547382465656,0.6255420032139849,0.4021121805199442,3.9999058262435203,
candidate-18,202,driven,0.3840503245387519,0.6255229538290791,0.40207950528889996,3.999905847704125,
candidate-18,303,autonomous,0.661242781258762,0.5765805418112289,0.3517015363863083,3.9998469712276528,
candidate-18,303,driven,0.6581209421970802,0.5760089062711562,0.3512898178953604,3.9998446534330645,
candidate-19,101,autonomous,0.5950087320824308,0.6581061340933879,0.49327429871954664,3.9999409631915417,
candidate-19,101,driven,0.5346798498925026,0.6680577910972049,0.5138920291722577,3.999933070921023,
candidate-19,202,autonomous,0.3853547382465656,0.6255420032139849,0.4021121805199442,3.9999058262435203,
candidate-19,202,driven,0.3821534191336792,0.6254701397939794,0.4019876822456684,3.9999059738613103,
candidate-19,303,autonomous,0.661242781258762,0.5765805418112289,0.3517015363863083,3.9998469712276528,
candidate-19,303,driven,0.6545546096817224,0.5748739322647807,0.3503756936638709,3.9998414352308895,
candidate-20,101,autonomous,0.5950087320824308,0.6581061340933879,0.49327429871954664,3.9999409631915417,
candidate-20,101,driven,0.5040438981704226,0.6724256732957724,0.519751254876816,3.999930721888565,
candidate-20,202,autonomous,0.3853547382465656,0.6255420032139849,0.4021121805199442,3.9999058262435203,
candidate-20,202,driven,0.38121589607888234,0.6253979199056807,0.4018609363606656,3.9999062098084077,
candidate-20,303,autonomous,0.661242781258762,0.5765805418112289,0.3517015363863083,3.9998469712276528,
candidate-20,303,driven,0.6544526487605338,0.5737640874147799,0.3493501106671967,3.9998402404759474,
candidate-21,101,autonomous,0.5601762397473034,0.6457301160051373,0.47275828793889113,3.999949258543819,
candidate-21,101,driven,0.5454762547898994,0.6504396524267135,0.48374455778883924,3.999944531799577,
candidate-21,202,autonomous,0.38528322246294416,0.6256404697139271,0.40214318299100654,3.999905883688637,
candidate-21,202,driven,0.3839772801156811,0.6256024180591175,0.40207807575981386,3.999905926398344,
candidate-21,303,autonomous,0.6400648335184979,0.5810997970426101,0.35022429006955924,3.9998678819084783,
candidate-21,303,driven,0.6377330452275104,0.5801596566800156,0.34939576269655237,3.9998640893362363,
candidate-22,101,autonomous,0.5601762397473034,0.6457301160051373,0.47275828793889113,3.999949258543819,
candidate-22,101,driven,0.5149407750920783,0.6600091529369991,0.5036122945979709,3.9999378152378626,
candidate-22,202,autonomous,0.38528322246294416,0.6256404697139271,0.40214318299100654,3.999905883688637,
candidate-22,202,driven,0.38207430381982277,0.6254973428727554,0.401895653604584,3.9999061771101454,
candidate-22,303,autonomous,0.6400648335184979,0.5810997970426101,0.35022429006955924,3.9998678819084783,
candidate-22,303,driven,0.634595710670803,0.5783449968525437,0.3476885609889314,3.999858789153671,
candidate-23,101,autonomous,0.5601762397473034,0.6457301160051373,0.47275828793889113,3.999949258543819,
candidate-23,101,driven,0.4895277484135176,0.6676017343779527,0.5136587375698257,3.9999350756006353,
candidate-23,202,autonomous,0.38528322246294416,0.6256404697139271,0.40214318299100654,3.999905883688637,
candidate-23,202,driven,0.38112585711330255,0.6253544762510436,0.40164508586081726,3.999906643537568,
candidate-23,303,autonomous,0.6400648335184979,0.5810997970426101,0.35022429006955924,3.9998678819084783,
candidate-23,303,driven,0.6332646381878958,0.5766518290157423,0.34594502185257087,3.9998569732570575,
candidate-24,101,autonomous,0.5162180723944899,0.630283523856427,0.44696371728139195,3.999957594066243,
candidate-24,101,driven,0.5085644039857203,0.635064263232411,0.45929222694516547,3.9999511521634554,
candidate-24,202,autonomous,0.38514264702841117,0.6258237247776196,0.402197403495482,3.999905999306905,
candidate-24,202,driven,0.38383386371000794,0.6257478741335936,0.40206818940206407,3.999906083907961,
candidate-24,303,autonomous,0.6086129363260633,0.5873825436767272,0.35089510836262067,3.999896139439221,
candidate-24,303,driven,0.6072312851811993,0.5860705766386192,0.34946749358043205,3.999890669542871,
candidate-25,101,autonomous,0.5162180723944899,0.630283523856427,0.44696371728139195,3.999957594066243,
candidate-25,101,driven,0.48880367668259433,0.6468745595234471,0.48561753268901237,3.999942570090007,
candidate-25,202,autonomous,0.38514264702841117,0.6258237247776196,0.402197403495482,3.999905999306905,
candidate-25,202,driven,0.38191951787701006,0.6255400341633872,0.4017082316258173,3.9999065791155095,
candidate-25,303,autonomous,0.6086129363260633,0.5873825436767272,0.35089510836262067,3.999896139439221,
candidate-25,303,driven,0.6043615937865958,0.5836749256225141,0.34672573327728257,3.999882961199652,
candidate-26,101,autonomous,0.5162180723944899,0.630283523856427,0.44696371728139195,3.999957594066243,
candidate-26,101,driven,0.4697786074964041,0.658728524350272,0.5008708562763042,3.9999411235739006,
candidate-26,202,autonomous,0.38514264702841117,0.6258237247776196,0.402197403495482,3.999905999306905,
candidate-26,202,driven,0.3809506787253375,0.6252605378982246,0.40121852163516963,3.999907490994632,
candidate-26,303,autonomous,0.6086129363260633,0.5873825436767272,0.35089510836262067,3.999896139439221,
candidate-26,303,driven,0.6010107602104275,0.5816286293724969,0.3441973370044969,3.999880794358133,
candidate-27,101,autonomous,0.29367670705018156,0.47132771980745813,0.24693032012177352,3.999950988355713,
candidate-27,101,driven,0.27706382612970004,0.47193736935965724,0.24763874099362412,3.9999507132855876,
candidate-27,202,autonomous,0.1970255613336065,0.44620430735286026,0.2030713011507031,3.9999239315718884,
candidate-27,202,driven,0.19610204103356066,0.4462020311881328,0.20306875549020265,3.9999239350622857,
candidate-27,303,autonomous,0.3153902529506589,0.41257783817165444,0.17986750091393755,3.9998752184145414,
candidate-27,303,driven,0.3137978140873599,0.4124843509098862,0.17981697932341387,3.999875078155318,
candidate-28,101,autonomous,0.29367670705018156,0.47132771980745813,0.24693032012177352,3.999950988355713,
candidate-28,101,driven,0.2515644011781596,0.472849059293479,0.2485020930512754,3.9999504414176337,
candidate-28,202,autonomous,0.1970255613336065,0.44620430735286026,0.2030713011507031,3.9999239315718884,
candidate-28,202,driven,0.19483757793677084,0.44619535760808926,0.20306102030067333,3.9999239576377463,
candidate-28,303,autonomous,0.3153902529506589,0.41257783817165444,0.17986750091393755,3.9998752184145414,
candidate-28,303,driven,0.3143531178562849,0.41229585121149037,0.17969958795185464,3.9998751066993945,
candidate-29,101,autonomous,0.29367670705018156,0.47132771980745813,0.24693032012177352,3.999950988355713,
candidate-29,101,driven,0.23975369618878895,0.4733071434052503,0.2485790586286555,3.9999505522547585,
candidate-29,202,autonomous,0.1970255613336065,0.44620430735286026,0.2030713011507031,3.9999239315718884,
candidate-29,202,driven,0.1943613196449233,0.4461858626295094,0.2030497678542738,3.99992400096382,
candidate-29,303,autonomous,0.3153902529506589,0.41257783817165444,0.17986750091393755,3.9998752184145414,
candidate-29,303,driven,0.3197879888245371,0.4121060926348413,0.1795610279458895,3.99987554691223,
candidate-30,101,autonomous,0.2901993633241102,0.4690672086363258,0.24480841489576105,3.999951705828478,
candidate-30,101,driven,0.27442949506819825,0.4701726213416077,0.24612327711694984,3.9999511791367155,
candidate-30,202,autonomous,0.19701957528584232,0.44621891951491877,0.20307565702054658,3.9999239359340883,
candidate-30,202,driven,0.19609585702081386,0.4462143647977839,0.20307056765720558,3.9999239429109568,
candidate-30,303,autonomous,0.3137917846846197,0.4133833814893487,0.17971399531048785,3.9998764401789146,
candidate-30,303,driven,0.31226742747805536,0.4132044192333127,0.17961401423398146,3.9998761667052016,
candidate-31,101,autonomous,0.2901993633241102,0.4690672086363258,0.24480841489576105,3.999951705828478,
candidate-31,101,driven,0.2499661088760876,0.4718823259723737,0.24776053968558442,3.9999506629427577,
candidate-31,202,autonomous,0.19701957528584232,0.44621891951491877,0.20307565702054658,3.9999239359340883,
candidate-31,202,driven,0.19483075069708308,0.4462010249242918,0.2030551138576481,3.9999239880238617,
candidate-31,303,autonomous,0.3137917846846197,0.4133833814893487,0.17971399531048785,3.9998764401789146,
candidate-31,303,driven,0.3127791302896905,0.4128460926867229,0.1793856794314211,3.999876230063047,
candidate-32,101,autonomous,0.2901993633241102,0.4690672086363258,0.24480841489576105,3.999951705828478,
candidate-32,101,driven,0.2386804192857872,0.4727708136972096,0.24789915731305806,3.9999509067439276,
candidate-32,202,autonomous,0.19701957528584232,0.44621891951491877,0.20307565702054658,3.9999239359340883,
candidate-32,202,driven,0.19435329594169484,0.44618207206807736,0.20303265811842047,3.999924074513682,
candidate-32,303,autonomous,0.3137917846846197,0.4133833814893487,0.17971399531048785,3.9998764401789146,
candidate-32,303,driven,0.3178785038655407,0.41249001198101404,0.17912183773039603,3.9998771053097193,
candidate-33,101,autonomous,0.28408953925513264,0.4651820607457979,0.24106888346338437,3.9999529914675565,
candidate-33,101,driven,0.2697718269492728,0.4670238857768748,0.24335700692470114,3.99995201693274,
candidate-33,202,autonomous,0.19700765850968696,0.4462476751354629,0.20308417342651958,3.9999239446679384,
candidate-33,202,driven,0.19608355033736594,0.4462385569132415,0.2030740028245349,3.9999239586060633,
candidate-33,303,autonomous,0.3108080473133801,0.4148577715636667,0.17950852199886588,3.999878759570702,
candidate-33,303,driven,0.30940478553739637,0.41452914788111545,0.17931387629707832,3.9998782384480207,
candidate-34,101,autonomous,0.28408953925513264,0.4651820607457979,0.24106888346338437,3.9999529914675565,
candidate-34,101,driven,0.24711048992420864,0.4700542254413387,0.24631715486438854,3.9999510800273703,
candidate-34,202,autonomous,0.19700765850968696,0.4462476751354629,0.20308417342651958,3.9999239446679384,
candidate-34,202,driven,0.19481717923863529,0.44621190788305054,0.20304316202356104,3.9999240486805054,
candidate-34,303,autonomous,0.3108080473133801,0.4148577715636667,0.17950852199886588,3.999878759570702,
candidate-34,303,driven,0.30982130277381087,0.4138799991225234,0.17888225426606136,3.999878387653907,
candidate-35,101,autonomous,0.28408953925513264,0.4651820607457979,0.24106888346338437,3.9999529914675565,
candidate-35,101,driven,0.23673633731515814,0.47173174668921936,0.24653984720953404,3.9999516482294566,
candidate-35,202,autonomous,0.19700765850968696,0.4462476751354629,0.20308417342651958,3.9999239446679384,
candidate-35,202,driven,0.19433737541579904,0.4461741514882849,0.20299844677251636,3.9999242210150423,
candidate-35,303,autonomous,0.3108080473133801,0.4148577715636667,0.17950852199886588,3.999878759570702,
candidate-35,303,driven,0.314282833574596,0.4132506382056187,0.17840214249654684,3.999880116685896,
candidate-36,101,autonomous,0.39552758134434246,0.5010709951767689,0.3055316610784873,3.9998603584816115,
candidate-36,101,driven,0.366799535998165,0.5035565518313486,0.30935125565882854,3.999856773382253,
candidate-36,202,autonomous,0.19954970604585628,0.45252897888101495,0.21417802270888933,3.9998722859940408,
candidate-36,202,driven,0.19862032418770784,0.45251866165320326,0.2141662386740516,3.9998723008396087,
candidate-36,303,autonomous,0.4259141247559425,0.40757720292864713,0.19118822135732272,3.9997182186936313,
candidate-36,303,driven,0.4210250192015503,0.4073004757694133,0.19114097599909874,3.999717091968657,
candidate-37,101,autonomous,0.39552758134434246,0.5010709951767689,0.3055316610784873,3.9998603584816115,
candidate-37,101,driven,0.320507553793213,0.5074445446187371,0.3142251449225526,3.999852635719415,
candidate-37,202,autonomous,0.19954970604585628,0.45252897888101495,0.21417802270888933,3.9998722859940408,
candidate-37,202,driven,0.19808212091162272,0.4524894774314979,0.21413107248232952,3.999872393929602,
candidate-37,303,autonomous,0.4259141247559425,0.40757720292864713,0.19118822135732272,3.9997182186936313,
candidate-37,303,driven,0.41684345013182134,0.4067281346586648,0.19094583875004392,3.9997160813110884,
candidate-38,101,autonomous,0.39552758134434246,0.5010709951767689,0.3055316610784873,3.9998603584816115,
candidate-38,101,driven,0.29902590121395395,0.5094561767667952,0.31469244695065385,3.999853119991409,
candidate-38,202,autonomous,0.19954970604585628,0.45252897888101495,0.21417802270888933,3.9998722859940408,
candidate-38,202,driven,0.19930809156572996,0.4524489602879738,0.2140805236615359,3.999872571044466,
candidate-38,303,autonomous,0.4259141247559425,0.40757720292864713,0.19118822135732272,3.9997182186936313,
candidate-38,303,driven,0.42019118984213044,0.4061356068491601,0.19061722083486007,3.9997167230092003,
candidate-39,101,autonomous,0.35173837284470827,0.4847389390807705,0.2806922331346346,3.9998950650538405,
candidate-39,101,driven,0.2929193676546554,0.49387921528850237,0.2927359104998566,3.999886801104157,
candidate-39,202,autonomous,0.19887925892714717,0.4508086039674335,0.21102798913904325,3.9998849661805553,
candidate-39,202,driven,0.1971251795000842,0.4507402948157051,0.21094741992629795,3.999885154601556,
candidate-39,303,autonomous,0.3876231337277034,0.4101264689122292,0.18476445830103047,3.999763022663517,
candidate-39,303,driven,0.3816732130166147,0.40868281762455794,0.18408266160330436,3.9997597599030623,
candidate-40,101,autonomous,0.3792421894130441,0.4926922266708461,0.296480522180957,3.9998692970483316,
candidate-40,101,driven,0.35394051396533815,0.4966696115343713,0.3029046193384749,3.999863401437306,
candidate-40,202,autonomous,0.19952950047314036,0.45256344748486077,0.2141818229443092,3.9998722914208775,
candidate-40,202,driven,0.19859845415167862,0.45254283502015086,0.21415829195398514,3.999872321060256,
candidate-40,303,autonomous,0.41747775459942005,0.4090159371607689,0.1879976253234228,3.9997263871696553,
candidate-40,303,driven,0.41304947285795107,0.40850428163645364,0.18785511865442683,3.999724194960167,
candidate-41,101,autonomous,0.3792421894130441,0.4926922266708461,0.296480522180957,3.9998692970483316,
candidate-41,101,driven,0.3121030890784202,0.5033649929710841,0.3115348906206594,3.9998564970245916,
candidate-41,202,autonomous,0.19952950047314036,0.45256344748486077,0.2141818229443092,3.9998722914208775,
candidate-41,202,driven,0.19805386010845474,0.4524846437471333,0.2140881677534172,3.9998725067672347,
candidate-41,303,autonomous,0.41747775459942005,0.4090159371607689,0.1879976253234228,3.9997263871696553,
candidate-41,303,driven,0.40912502495761266,0.4074676203497509,0.1874292104278425,3.9997222813938076,
candidate-42,101,autonomous,0.22710585240810477,0.505306496977171,0.2657792314143751,3.9999685037376915,
candidate-42,101,driven,0.21976423605809792,0.5051254248686292,0.26553063768128815,3.9999687238679376,
candidate-42,202,autonomous,0.17195175600682563,0.4584731658255093,0.21306370301282038,3.999942970491489,
candidate-42,202,driven,0.18701572753446608,0.4584318071308584,0.21302493155148108,3.99994303723103,
candidate-42,303,autonomous,0.25222019355717085,0.4049305327594984,0.17007342570501782,3.9999546854138464,
candidate-42,303,driven,0.2580131025293639,0.4051532921495395,0.1701780172059013,3.9999550711800747,
candidate-43,101,autonomous,0.3792421894130441,0.4926922266708461,0.296480522180957,3.9998692970483316,
candidate-43,101,driven,0.3121030890784202,0.5033649929710841,0.3115348906206594,3.9998564970245916,
candidate-43,202,autonomous,0.19952950047314036,0.45256344748486077,0.2141818229443092,3.9998722914208775,
candidate-43,202,driven,0.19805386010845474,0.4524846437471333,0.2140881677534172,3.9998725067672347,
candidate-43,303,autonomous,0.41747775459942005,0.4090159371607689,0.1879976253234228,3.9997263871696553,
candidate-43,303,driven,0.40912502495761266,0.4074676203497509,0.1874292104278425,3.9997222813938076,
candidate-44,101,autonomous,0.3792421894130441,0.4926922266708461,0.296480522180957,3.9998692970483316,
candidate-44,101,driven,0.3121030890784202,0.5033649929710841,0.3115348906206594,3.9998564970245916,
candidate-44,202,autonomous,0.19952950047314036,0.45256344748486077,0.2141818229443092,3.9998722914208775,
candidate-44,202,driven,0.19805386010845474,0.4524846437471333,0.2140881677534172,3.9998725067672347,
candidate-44,303,autonomous,0.41747775459942005,0.4090159371607689,0.1879976253234228,3.9997263871696553,
candidate-44,303,driven,0.40912502495761266,0.4074676203497509,0.1874292104278425,3.9997222813938076,
candidate-45,101,autonomous,0.3792421894130441,0.4926922266708461,0.296480522180957,3.9998692970483316,
candidate-45,101,driven,0.29320211978203037,0.5070861578263297,0.3122521540324724,3.9998578002322605,
candidate-45,202,autonomous,0.19952950047314036,0.45256344748486077,0.2141818229443092,3.9998722914208775,
candidate-45,202,driven,0.1992659678741575,0.45240409463003034,0.21398761700947413,3.9998728590338946,
candidate-45,303,autonomous,0.41747775459942005,0.4090159371607689,0.1879976253234228,3.9997263871696553,
candidate-45,303,driven,0.4117495602451902,0.40642897240965353,0.1868192516674007,3.9997236570930945,
candidate-46,101,autonomous,0.3865490678254305,0.49478128254025594,0.30062602481532613,3.999862356837512,
candidate-46,101,driven,0.3172461489679956,0.505861617467837,0.3165303831487573,3.9998481029615562,
candidate-46,202,autonomous,0.19969494884257244,0.45302384185289624,0.2150161524622784,3.99986909493785,
candidate-46,202,driven,0.19829920945733223,0.4529423106944588,0.21491908016758318,3.9998693173743463,
candidate-46,303,autonomous,0.42532925095646795,0.40877968830024863,0.18892540959805226,3.9997179341610867,
candidate-46,303,driven,0.4163143238461373,0.4072067400111911,0.1883972525982575,3.9997137105085523,
candidate-47,101,autonomous,0.35465914034611307,0.48042692861120406,0.2826483250180327,3.999881371926196,
candidate-47,101,driven,0.3342522969032269,0.4858312544018409,0.2921726457224822,3.999872624787347,
candidate-47,202,autonomous,0.19948949401371047,0.45262951455508005,0.21418822133237247,3.9998723022932205,
candidate-47,202,driven,0.19855518229833125,0.45258838595473827,0.21414131088873736,3.9998723613677867,
candidate-47,303,autonomous,0.4032028419813031,0.41172290817795354,0.18398472730707435,3.999740962523409,
candidate-47,303,driven,0.3994904306223879,0.4108515094580307,0.18360690128871293,3.999736846736957,
candidate-48,101,autonomous,0.35465914034611307,0.48042692861120406,0.2826483250180327,3.999881371926196,
candidate-48,101,driven,0.2989455099955556,0.496111715712648,0.3060022937630134,3.999862437699505,
candidate-48,202,autonomous,0.19948949401371047,0.45262951455508005,0.21418822133237247,3.9998723022932205,
candidate-48,202,driven,0.19799806316523738,0.452472724496855,0.21400189686444157,3.999872730913784,
candidate-48,303,autonomous,0.4032028419813031,0.41172290817795354,0.18398472730707435,3.999740962523409,
candidate-48,303,driven,0.39588485622836067,0.40914459762775574,0.18271707865443138,3.9997334393444635,
candidate-49,101,autonomous,0.35465914034611307,0.48042692861120406,0.2826483250180327,3.999881371926196,
candidate-49,101,driven,0.2838549135890739,0.5025829245075024,0.3067200240022388,3.9998661788284524,
candidate-49,202,autonomous,0.19948949401371047,0.45262951455508005,0.21418822133237247,3.9998723022932205,
candidate-49,202,driven,0.1991830749956279,0.452313555344144,0.21380296031061968,3.9998734277393972,
candidate-49,303,autonomous,0.4032028419813031,0.41172290817795354,0.18398472730707435,3.999740962523409,
candidate-49,303,driven,0.3971878477933412,0.40752519364184575,0.1816643302741743,3.9997365031496086,
candidate-50,101,autonomous,0.5296018271636188,0.5345390808075734,0.37702614149139174,3.9997352561607045,
candidate-50,101,driven,0.48988125522187154,0.5410289058502925,0.3906119866383135,3.9997108778083743,
candidate-50,202,autonomous,0.2023725660882733,0.46118760777883194,0.23019939832757041,3.9998167417641195,
candidate-50,202,driven,0.2016996698499548,0.461157366604704,0.23016432199857045,3.999816786924742,
candidate-50,303,autonomous,0.5707875435823391,0.407164247110769,0.21105682460404315,3.9996474662408747,
candidate-50,303,driven,0.5612664524218779,0.4066277135043099,0.21147261741972415,3.9996481072108603,
candidate-51,101,autonomous,0.5296018271636188,0.5345390808075734,0.37702614149139174,3.9997352561607045,
candidate-51,101,driven,0.41950893862232347,0.5518956949168577,0.4100122333996431,3.999676108919312,
candidate-51,202,autonomous,0.2023725660882733,0.46118760777883194,0.23019939832757041,3.9998167417641195,
candidate-51,202,driven,0.20271642936948378,0.4610733621452441,0.23005996369306442,3.9998170562673203,
candidate-51,303,autonomous,0.5707875435823391,0.407164247110769,0.21105682460404315,3.9996474662408747,
candidate-51,303,driven,0.5481497732821882,0.40550004487840197,0.2120345164603008,3.999650279029518,
candidate-52,101,autonomous,0.5296018271636188,0.5345390808075734,0.37702614149139174,3.9997352561607045,
candidate-52,101,driven,0.38166285902053615,0.5578148627112057,0.413256659676177,3.9996714629436134,
candidate-52,202,autonomous,0.2023725660882733,0.46118760777883194,0.23019939832757041,3.9998167417641195,
candidate-52,202,driven,0.2068135459522801,0.46095833294581956,0.22991044489832693,3.999817561072146,
candidate-52,303,autonomous,0.5707875435823391,0.407164247110769,0.21105682460404315,3.9996474662408747,
candidate-52,303,driven,0.5435743209373649,0.4043139356218973,0.21219739435597204,3.9996529991835184,
candidate-53,101,autonomous,0.482034956249693,0.5156297014088911,0.35217610246689773,3.999780186830706,
candidate-53,101,driven,0.4507453848192479,0.524489201862083,0.3717822196661768,3.9997505490986125,
candidate-53,202,autonomous,0.2023248724339157,0.4612388371450132,0.23018633200060035,3.999816745352887,
candidate-53,202,driven,0.20164595442374306,0.4611785738173873,0.23011640833967584,3.9998168353489976,
candidate-53,303,autonomous,0.5420409262469958,0.40824821552517115,0.19793530228242823,3.999651903504301,
candidate-53,303,driven,0.5342453579369861,0.40727282374882207,0.19816598771436952,3.999651074772506,
candidate-54,101,autonomous,0.482034956249693,0.5156297014088911,0.35217610246689773,3.999780186830706,
candidate-54,101,driven,0.39222923284067457,0.5412108415245629,0.40244462539033315,3.9997057415620922,
candidate-54,202,autonomous,0.2023248724339157,0.4612388371450132,0.23018633200060035,3.999816745352887,
candidate-54,202,driven,0.20263824155389326,0.46101170887616066,0.22990887004575594,3.9998173709597755,
candidate-54,303,autonomous,0.5420409262469958,0.40824821552517115,0.19793530228242823,3.999651903504301,
candidate-54,303,driven,0.523034267153837,0.40531249933911245,0.19842718831525405,3.999653282728461,
candidate-55,101,autonomous,0.482034956249693,0.5156297014088911,0.35217610246689773,3.999780186830706,
candidate-55,101,driven,0.36248307554227677,0.5514489509324356,0.40668299403943536,3.9996999446875017,
candidate-55,202,autonomous,0.2023248724339157,0.4612388371450132,0.23018633200060035,3.999816745352887,
candidate-55,202,driven,0.20668011318769272,0.4607843822776345,0.22961283246671393,3.9998183680266615,
candidate-55,303,autonomous,0.5420409262469958,0.40824821552517115,0.19793530228242823,3.999651903504301,
candidate-55,303,driven,0.5181760983137507,0.40337887657758986,0.19835069901832422,3.9996582684716446,
candidate-56,101,autonomous,0.4223970790647165,0.491959551779267,0.32123223791091216,3.999819743504998,
candidate-56,101,driven,0.4006056506887228,0.5015632072154848,0.345010022879455,3.9997883384602835,
candidate-56,202,autonomous,0.20223114462277575,0.46133145396147884,0.23015598381383962,3.9998167524180013,
candidate-56,202,driven,0.20154052565986114,0.46121184257099057,0.23001706685503198,3.9998169311427443,
candidate-56,303,autonomous,0.5003178387945969,0.4115413849141373,0.1859722865182137,3.999671578838883,
candidate-56,303,driven,0.49467151001088683,0.4100098399484639,0.18555921252259594,3.9996649171870593,
candidate-57,101,autonomous,0.4223970790647165,0.491959551779267,0.32123223791091216,3.999819743504998,
candidate-57,101,driven,0.3561199976052403,0.5232058202145197,0.38651279638388997,3.9997416721376355,
candidate-57,202,autonomous,0.20223114462277575,0.46133145396147884,0.23015598381383962,3.9998167524180013,
candidate-57,202,driven,0.20248535152688496,0.46088270576120166,0.2296066744748915,3.9998179903817426,
candidate-57,303,autonomous,0.5003178387945969,0.4115413849141373,0.1859722865182137,3.999671578838883,
candidate-57,303,driven,0.48563939717261007,0.4071018363044291,0.18479677675106398,3.9996630104196766,
candidate-58,101,autonomous,0.4223970790647165,0.491959551779267,0.32123223791091216,3.999819743504998,
candidate-58,101,driven,0.3363802074488584,0.5390981761763286,0.3889015953861048,3.999741709243361,
candidate-58,202,autonomous,0.20223114462277575,0.46133145396147884,0.23015598381383962,3.9998167524180013,
candidate-58,202,driven,0.2064207320228959,0.46043874740963336,0.22902630744366087,3.999819936285638,
candidate-58,303,autonomous,0.5003178387945969,0.4115413849141373,0.1859722865182137,3.999671578838883,
candidate-58,303,driven,0.4798823295161997,0.4044690574735579,0.18405229572780107,3.9996709698705546,
candidate-59,101,autonomous,0.11451283215864543,0.24086481296980872,0.07774790378093328,3.9995633473847163,
candidate-59,101,driven,0.0903099779685441,0.2416010472992657,0.07815431319493439,3.9995622387001237,
candidate-59,202,autonomous,0.03599810942046342,0.1950975406611429,0.04156499319862831,3.999802936610102,
candidate-59,202,driven,0.0361809841877239,0.1950948783191537,0.04156381644428287,3.999802944340539,
candidate-59,303,autonomous,0.11553017761132595,0.17216581020801425,0.043418818188075296,3.999645533049051,
candidate-59,303,driven,0.1114292884045559,0.17211450041766965,0.04342371356215801,3.9996455397282116,
candidate-60,101,autonomous,0.11451283215864543,0.24086481296980872,0.07774790378093328,3.9995633473847163,
candidate-60,101,driven,0.09172800241455403,0.2425067143236666,0.07837237814473381,3.9995669814774786,
candidate-60,202,autonomous,0.03599810942046342,0.1950975406611429,0.04156499319862831,3.999802936610102,
candidate-60,202,driven,0.0409005154179705,0.19508682474523914,0.04155978742914112,3.999803001738816,
candidate-60,303,autonomous,0.11553017761132595,0.17216581020801425,0.043418818188075296,3.999645533049051,
candidate-60,303,driven,0.11875431585245065,0.17199434211015052,0.04340305567043424,3.9996457724612338,
candidate-61,101,autonomous,0.11451283215864543,0.24086481296980872,0.07774790378093328,3.9995633473847163,
candidate-61,101,driven,0.14874083779764516,0.24260643495808062,0.07778687268044172,3.999581027707079,
candidate-61,202,autonomous,0.03599810942046342,0.1950975406611429,0.04156499319862831,3.999802936610102,
candidate-61,202,driven,0.049859183251979675,0.19507514080506516,0.04155352858415286,3.999803114919994,
candidate-61,303,autonomous,0.11553017761132595,0.17216581020801425,0.043418818188075296,3.999645533049051,
candidate-61,303,driven,0.14313856982610518,0.17185146630888878,0.04334199566543069,3.9996462951309613,
candidate-62,101,autonomous,0.11251791482034437,0.2386131892111764,0.0769759511462729,3.9995651215040935,
candidate-62,101,driven,0.08884044290869685,0.23997661894474454,0.07774427409899873,3.9995630144952856,
candidate-62,202,autonomous,0.03599658911900969,0.19510182189865224,0.04156475670138839,3.999802936633842,
candidate-62,202,driven,0.03617884316148812,0.19509649930118417,0.041562404393272884,3.99980295209198,
candidate-62,303,autonomous,0.11471675357198702,0.1719608936396323,0.0427934011455905,3.9996456496913857,
candidate-62,303,driven,0.11069098661299803,0.1718592147273865,0.0428005070691201,3.999645664954137,
candidate-63,101,autonomous,0.11251791482034437,0.2386131892111764,0.0769759511462729,3.9995651215040935,
candidate-63,101,driven,0.0912125012468856,0.24169013163327552,0.07814960317732429,3.999572578914191,
candidate-63,202,autonomous,0.03599658911900969,0.19510182189865224,0.04156475670138839,3.999802936633842,
candidate-63,202,driven,0.040895038449056564,0.19508040963968498,0.04155435387291378,3.999803066816472,
candidate-63,303,autonomous,0.11471675357198702,0.1719608936396323,0.0427934011455905,3.9996456496913857,
candidate-63,303,driven,0.11808040238092675,0.17162544094065332,0.0427581511818079,3.9996461298249133,
candidate-64,101,autonomous,0.11251791482034437,0.2386131892111764,0.0769759511462729,3.9995651215040935,
candidate-64,101,driven,0.14762631509608581,0.24187120060425987,0.07701152819562797,3.9996003799636792,
candidate-64,202,autonomous,0.03599658911900969,0.19510182189865224,0.04156475670138839,3.999802936633842,
candidate-64,202,driven,0.04984350707075903,0.19505709318327408,0.04154185881305472,3.999803292751952,
candidate-64,303,autonomous,0.11471675357198702,0.1719608936396323,0.0427934011455905,3.9996456496913857,
candidate-64,303,driven,0.14229369205545836,0.17135357456473016,0.042641111017492496,3.999647164002692,
candidate-65,101,autonomous,0.1090025493190709,0.2346593540409591,0.07553173884747,3.999568275872356,
candidate-65,101,driven,0.08624011156020867,0.2370227502232548,0.07691216059904873,3.9995644400722723,
candidate-65,202,autonomous,0.035993563749554605,0.19511016883302776,0.04156424373524892,3.9998029366810908,
candidate-65,202,driven,0.03617458318065649,0.19509953233628152,0.041559543982241084,3.999802967586457,
candidate-65,303,autonomous,0.11319642069284729,0.17167110103135652,0.04169721031088395,3.999645865843047,
candidate-65,303,driven,0.10930910161937275,0.17147281449808127,0.04170282724579062,3.999645903301495,
candidate-66,101,autonomous,0.1090025493190709,0.2346593540409591,0.07553173884747,3.999568275872356,
candidate-66,101,driven,0.09028223166623293,0.24010765398180564,0.07760721894005018,3.999583815314141,
candidate-66,202,autonomous,0.035993563749554605,0.19511016883302776,0.04156424373524892,3.9998029366810908,
candidate-66,202,driven,0.040884136974507296,0.19506742355468945,0.041543473055315985,3.9998031967479766,
candidate-66,303,autonomous,0.11319642069284729,0.17167110103135652,0.04169721031088395,3.999645865843047,
candidate-66,303,driven,0.11680895371138546,0.17103086885641627,0.04161571427494966,3.999646830585485,
candidate-67,101,autonomous,0.1090025493190709,0.2346593540409591,0.07553173884747,3.999568275872356,
candidate-67,101,driven,0.14546253413225965,0.2404045704386519,0.07545517783014506,3.999637309850463,
candidate-67,202,autonomous,0.035993563749554605,0.19511016883302776,0.04156424373524892,3.9998029366810908,
candidate-67,202,driven,0.04981230485159744,0.1950209960453527,0.04151857317058023,3.9998036469203844,
candidate-67,303,autonomous,0.11319642069284729,0.17167110103135652,0.04169721031088395,3.999645865843047,
candidate-67,303,driven,0.1406777091265126,0.17053683019190904,0.041400100391889474,3.9996488585056813,
candidate-68,101,autonomous,0.2538313240467901,0.30140291128935853,0.14367829758852935,3.998140805497564,
candidate-68,101,driven,0.20242749127713408,0.30531742005575147,0.1478801299131891,3.9980907292933607,
candidate-68,202,autonomous,0.03725129962679831,0.20675762530394973,0.05126225917332079,3.999629337965918,
candidate-68,202,driven,0.038874681685676656,0.20674530056192228,0.05125655579243882,3.999629375329942,
candidate-68,303,autonomous,0.23479033568163507,0.18457161095464464,0.07688506783092512,3.9989594013371215,
candidate-68,303,driven,0.22032120529999993,0.18452516222445653,0.07721286899118815,3.998953111484851,
candidate-69,101,autonomous,0.2538313240467901,0.30140291128935853,0.14367829758852935,3.998140805497564,
candidate-69,101,driven,0.15831701081777355,0.31035104690148474,0.1512216677608769,3.9980999935033554,
candidate-69,202,autonomous,0.03725129962679831,0.20675762530394973,0.05126225917332079,3.999629337965918,
candidate-69,202,driven,0.050507698290529056,0.20670865298465282,0.05123704275146812,3.9996296514888434,
candidate-69,303,autonomous,0.23479033568163507,0.18457161095464464,0.07688506783092512,3.9989594013371215,
candidate-69,303,driven,0.20927874268982824,0.18432766628352448,0.07761651680134389,3.9989480927557506,
candidate-70,101,autonomous,0.2538313240467901,0.30140291128935853,0.14367829758852935,3.998140805497564,
candidate-70,101,driven,0.22806903631782943,0.3109298707658284,0.14717116409312114,3.9982609441746284,
candidate-70,202,autonomous,0.03725129962679831,0.20675762530394973,0.05126225917332079,3.999629337965918,
candidate-70,202,driven,0.06814686402569833,0.2066560920566777,0.051206771295293725,3.9996301943866728,
candidate-70,303,autonomous,0.23479033568163507,0.18457161095464464,0.07688506783092512,3.9989594013371215,
candidate-70,303,driven,0.22449285635927604,0.18399169673638258,0.07767018982052551,3.9989533861199744,
candidate-71,101,autonomous,0.23878809373136395,0.29194592023945243,0.1377858756696726,3.9982105877285856,
candidate-71,101,driven,0.19093240825476546,0.2985104620516029,0.14496385509126283,3.9981226237549685,
candidate-71,202,autonomous,0.03724565818328728,0.20676037986792695,0.05125815199942132,3.9996293381954646,
candidate-71,202,driven,0.03886582255775272,0.20673577000540613,0.05124676100702885,3.9996294128776433,
candidate-71,303,autonomous,0.22799148620025164,0.18107666216030982,0.07106617386961464,3.998986731011145,
candidate-71,303,driven,0.21421455821089405,0.18093267225976448,0.07159174012004596,3.998975149582516,
candidate-72,101,autonomous,0.23878809373136395,0.29194592023945243,0.1377858756696726,3.9982105877285856,
candidate-72,101,driven,0.15363180352671144,0.3073909618022517,0.15064458517054302,3.9981478439038405,
candidate-72,202,autonomous,0.03724565818328728,0.20676037986792695,0.05125815199942132,3.9996293381954646,
candidate-72,202,driven,0.050481960548680135,0.2066626947854888,0.05120782511217213,3.9996299641458886,
candidate-72,303,autonomous,0.22799148620025164,0.18107666216030982,0.07106617386961464,3.998986731011145,
candidate-72,303,driven,0.20412956386922634,0.18049874953257197,0.07224395899361817,3.9989662786122757,
candidate-73,101,autonomous,0.23878809373136395,0.29194592023945243,0.1377858756696726,3.9982105877285856,
candidate-73,101,driven,0.22443595934933375,0.30830322832801865,0.14293385307404674,3.998446231964591,
candidate-73,202,autonomous,0.03724565818328728,0.20676037986792695,0.05125815199942132,3.9996293381954646,
candidate-73,202,driven,0.068073810546842,0.20655814547509513,0.051147548838962206,3.9996310439949356,
candidate-73,303,autonomous,0.22799148620025164,0.18107666216030982,0.07106617386961464,3.998986731011145,
candidate-73,303,driven,0.2196482894697984,0.1798749512898198,0.07231965764029953,3.9989772605926523,
candidate-74,101,autonomous,0.21636173235523656,0.2775406189732146,0.12842010650425256,3.998316810964788,
candidate-74,101,driven,0.17346125702664691,0.2872291222989676,0.1394000851831933,3.9981755798139065,
candidate-74,202,autonomous,0.03723450367522413,0.20676455581680067,0.05124965271964684,3.999629338647236,
candidate-74,202,driven,0.03884831233288554,0.20671549857102856,0.05122693456624781,3.9996294878303487,
candidate-74,303,autonomous,0.216620611281225,0.17666589748543293,0.06254393657676562,3.9990316835124387,
candidate-74,303,driven,0.20395427404900202,0.17627958254074874,0.06325298550418777,3.9990115520015204,
candidate-75,101,autonomous,0.21636173235523656,0.2775406189732146,0.12842010650425256,3.998316810964788,
candidate-75,101,driven,0.14665807372979983,0.3013705282571153,0.14760399569647828,3.998246143827931,
candidate-75,202,autonomous,0.03723450367522413,0.20676455581680067,0.05124965271964684,3.999629338647236,
candidate-75,202,driven,0.05043103443490565,0.20657023092169238,0.05114942305659541,3.99963058620359,
candidate-75,303,autonomous,0.216620611281225,0.17666589748543293,0.06254393657676562,3.9990316835124387,
candidate-75,303,driven,0.19541087074179442,0.1753689353681485,0.06414679410016376,3.998997412762778,
candidate-76,101,autonomous,0.21636173235523656,0.2775406189732146,0.12842010650425256,3.998316810964788,
candidate-76,101,driven,0.2174315019797315,0.3023890797501766,0.13370741751552162,3.9987307166263344,
candidate-76,202,autonomous,0.03723450367522413,0.20676455581680067,0.05124965271964684,3.999629338647236,
candidate-76,202,driven,0.06792937782686227,0.2063634003077765,0.05102992428365279,3.9996327224905746,
candidate-76,303,autonomous,0.216620611281225,0.17666589748543293,0.06254393657676562,3.9990316835124387,
candidate-76,303,driven,0.21133178857672805,0.1742927320107145,0.06422021157999587,3.9990205989652945,
candidate-77,101,autonomous,0.5218311386260495,0.37467392589613235,0.2462345142066757,3.997557862738401,
candidate-77,101,driven,0.4358464270692292,0.3883500653709182,0.2744357718538047,3.9972018674024863,
candidate-77,202,autonomous,0.03876577956831671,0.22355270302291666,0.06589508587223704,3.9993682616347628,
candidate-77,202,driven,0.04266383885308437,0.2235160581955697,0.06587733209842556,3.9993683914174807,
candidate-77,303,autonomous,0.45604943711257334,0.2054419948362555,0.12773294553874098,3.998087328708165,
candidate-77,303,driven,0.4267453386189159,0.2058561199134431,0.13070902911891083,3.9980299760494025,
candidate-78,101,autonomous,0.5218311386260495,0.37467392589613235,0.2462345142066757,3.997557862738401,
candidate-78,101,driven,0.2911381202052853,0.4079146401377299,0.31103912573661274,3.996967620221624,
candidate-78,202,autonomous,0.03876577956831671,0.22355270302291666,0.06589508587223704,3.9993682616347628,
candidate-78,202,driven,0.06305421260087091,0.22340738148708583,0.06581575684365429,3.9993693468467457,
candidate-78,303,autonomous,0.45604943711257334,0.2054419948362555,0.12773294553874098,3.998087328708165,
candidate-78,303,driven,0.3806894801972921,0.2064100171568508,0.13579944722848777,3.9979228316530855,
candidate-79,101,autonomous,0.5218311386260495,0.37467392589613235,0.2462345142066757,3.997557862738401,
candidate-79,101,driven,0.30868183009298406,0.4114373154676795,0.30151125856629285,3.997606153062432,
candidate-79,202,autonomous,0.03876577956831671,0.22355270302291666,0.06589508587223704,3.9993682616347628,
candidate-79,202,driven,0.09024185768935342,0.22325198247121078,0.06571975458313895,3.9993712164058497,
candidate-79,303,autonomous,0.45604943711257334,0.2054419948362555,0.12773294553874098,3.998087328708165,
candidate-79,303,driven,0.36001176642637867,0.20656132844063813,0.1393413191259585,3.9978404466661974,
candidate-80,101,autonomous,0.451896925032688,0.34914061669755414,0.2131264609192751,3.9977770708468197,
candidate-80,101,driven,0.3801505374543903,0.36886433119111944,0.2511982965443056,3.9972809121345336,
candidate-80,202,autonomous,0.038750747334514626,0.22353541252200745,0.06588005112600853,3.9993682635531917,
candidate-80,202,driven,0.04263771591418198,0.22346236877773487,0.06584463830681977,3.9993685226719324,
candidate-80,303,autonomous,0.4186179308726649,0.19158250995642623,0.10129583720212876,3.9983103463271554,
candidate-80,303,driven,0.3932304183338908,0.19180575375951633,0.10497185413150478,3.9982350203946297,
candidate-81,101,autonomous,0.451896925032688,0.34914061669755414,0.2131264609192751,3.9977770708468197,
candidate-81,101,driven,0.2608075377724667,0.3996883767487889,0.3032033748787427,3.9970041640949234,
candidate-81,202,autonomous,0.038750747334514626,0.22353541252200745,0.06588005112600853,3.9993682635531917,
candidate-81,202,driven,0.06297238320948681,0.22324626256805813,0.06572204218872102,3.999370425088792,
candidate-81,303,autonomous,0.4186179308726649,0.19158250995642623,0.10129583720212876,3.9983103463271554,
candidate-81,303,driven,0.3531162419228777,0.19204867420494431,0.11166290129562464,3.9980752677835136,
candidate-82,101,autonomous,0.451896925032688,0.34914061669755414,0.2131264609192751,3.9977770708468197,
candidate-82,101,driven,0.29969484027280596,0.40438024274879525,0.28035949816969136,3.998054712094727,
candidate-82,202,autonomous,0.038750747334514626,0.22353541252200745,0.06588005112600853,3.9993682635531917,
candidate-82,202,driven,0.09001130473128176,0.22293860552986397,0.06553171364359041,3.9993741192080807,
candidate-82,303,autonomous,0.4186179308726649,0.19158250995642623,0.10129583720212876,3.9983103463271554,
candidate-82,303,driven,0.3364716234055177,0.19195493506979566,0.11659484513595836,3.997940829399756,
candidate-83,101,autonomous,0.3710592459456511,0.3172804982493149,0.17856224875720017,3.9980092128090057,
candidate-83,101,driven,0.3129410775706281,0.3411593254318369,0.22369712952652296,3.9973805424011486,
candidate-83,202,autonomous,0.038721303852068026,0.22349614732536455,0.06584869186340402,3.9993682672980886,
candidate-83,202,driven,0.04258659987049225,0.22335106242586267,0.06577824870753152,3.999368783791121,
candidate-83,303,autonomous,0.368086275167088,0.17884088416699317,0.0738024006527139,3.99854647855004,
candidate-83,303,driven,0.34730629982378464,0.17840494807525542,0.07732917109026789,3.998466012178369,
candidate-84,101,autonomous,0.3710592459456511,0.3172804982493149,0.17856224875720017,3.9980092128090057,
candidate-84,101,driven,0.22516537913627943,0.38263613819556636,0.2834993066371543,3.997203272005896,
candidate-84,202,autonomous,0.038721303852068026,0.22349614732536455,0.06584869186340402,3.9993682672980886,
candidate-84,202,driven,0.06281200128218734,0.22292381593183533,0.06553525045945773,3.999372555513428,
candidate-84,303,autonomous,0.368086275167088,0.17884088416699317,0.0738024006527139,3.99854647855004,
candidate-84,303,driven,0.31447383093254166,0.17760121469488482,0.0844436904505628,3.9982547076001933,
candidate-85,101,autonomous,0.3710592459456511,0.3172804982493149,0.17856224875720017,3.9980092128090057,
candidate-85,101,driven,0.28409836421227586,0.3856640279724033,0.23643364555893487,3.9985087122894676,
candidate-85,202,autonomous,0.038721303852068026,0.22349614732536455,0.06584869186340402,3.9993682672980886,
candidate-85,202,driven,0.0895608377665732,0.22232076801001463,0.0651610933356483,3.999379770192071,
candidate-85,303,autonomous,0.368086275167088,0.17884088416699317,0.0738024006527139,3.99854647855004,
candidate-85,303,driven,0.3031079790257603,0.17683102928545805,0.09013895785641297,3.9980562332238656,
