candidate,seed,gamma,coupling_scale,nonlinear_strength,loss,input_injection,noise,connectivity_radius,peak_norm_through_t32,norm_t32,survival_t16,survival_t32,effective_rank_t32,effective_rank_retention,noise_adjusted_capacity_bits,cycle_period,input_separation,nonlinear_effect,accepted,failure_reasons
candidate-0,101,0.03,1.0,0.5,0.98,0.1,0.0,1,0.9723877695250419,0.44626958787964555,0.6310310920086339,0.4147972170018853,3.9999865455615775,1.0000057053780964,26.333027814706995,,0.042716822561206964,0.001313174270748972,true,
candidate-0,202,0.03,1.0,0.5,0.98,0.1,0.0,1,0.9700531297241288,0.3794002686482218,0.6178112579413906,0.38424955524012216,3.9999659499424376,0.9999943194198581,26.287470783000963,,0.019428944501131206,0.0002587382616564162,true,
candidate-0,303,0.03,1.0,0.5,0.98,0.1,0.0,1,0.9754711327296546,0.48501324045708816,0.5885267979397124,0.3513986754801008,3.999965277176005,0.9999923150824316,26.288244836896727,,0.03629835181994626,0.0013688005388484672,true,
candidate-1,101,0.03,1.0,0.5,0.98,0.3,0.0,1,0.9720830074050832,0.4293987771912286,0.6316992582965556,0.4157343753638077,3.999986374849261,1.0000060615492237,26.333814093929934,,0.12795127518251423,0.002595163364746651,true,
candidate-1,202,0.03,1.0,0.5,0.98,0.3,0.0,1,0.9699330114652741,0.37770801473574267,0.6178068614377519,0.38424237413094803,3.999965960815446,0.9999943185521197,26.2874604968046,,0.05826421934641271,0.00017064814491206523,true,
candidate-1,303,0.03,1.0,0.5,0.98,0.3,0.0,1,0.9754772654948715,0.4853726575588931,0.5883522092850924,0.35122259096353664,3.9999652873783336,0.9999923307477928,26.288120888558346,,0.10875808565384966,0.001686651621498312,true,
candidate-2,101,0.03,1.0,0.5,0.98,0.5,0.0,1,0.9717657542044267,0.41654480665818416,0.6321044268850786,0.4161379206432031,3.9999863367151094,1.0000063321613484,26.334440030514532,,0.21259213321216242,0.004543043995213216,true,
candidate-2,202,0.03,1.0,0.5,0.98,0.5,0.0,1,0.9698132676241085,0.3762536919761783,0.6178005288106146,0.38423213192686784,3.999965980762647,0.9999943195053046,26.28744754953912,,0.09703176058929269,0.00011480494691508605,true,
candidate-2,303,0.03,1.0,0.5,0.98,0.5,0.0,1,0.9754761404309987,0.4875477142076152,0.5881828142928208,0.3510414880146737,3.9999654097014594,0.999992373771106,26.287981577695525,,0.18080903137756918,0.0024390284373898333,true,
candidate-3,101,0.03,1.0,1.0,0.98,0.1,0.0,1,0.9722337004797506,0.44352160749539804,0.6297313776340955,0.41303640197944597,3.9999868837913666,1.0000050171600234,26.32929732857673,,0.04211315193795605,0.0025819917781257844,true,
candidate-3,202,0.03,1.0,1.0,0.98,0.1,0.0,1,0.970051825158414,0.37939139129515953,0.6178287985512341,0.3842587865402301,3.9999659676658217,0.9999943018768469,26.287413037028543,,0.019316869110776267,0.0005143716244865881,true,
candidate-3,303,0.03,1.0,1.0,0.98,0.1,0.0,1,0.9753780982751782,0.48338704637742075,0.5895233576992108,0.3519047031479136,3.999965979707668,0.9999924057073367,26.288381157723038,,0.03604167451973481,0.002694147970706802,true,
candidate-4,101,0.03,1.0,1.0,0.98,0.3,0.0,1,0.9719821267200494,0.4277318959307333,0.6309784531539546,0.41480141356736816,3.9999865603708478,1.0000056704843847,26.330612017686796,,0.12596478213793075,0.005062652755479019,true,
candidate-4,202,0.03,1.0,1.0,0.98,0.3,0.0,1,0.9699320604338082,0.37770007006580475,0.6178199964913497,0.38424443624669535,3.9999659893845454,0.9999943001891317,26.287392730049227,,0.05790608944879082,0.00033957259598839655,true,
candidate-4,303,0.03,1.0,1.0,0.98,0.3,0.0,1,0.97537986030693,0.48368921856516844,0.589195962628158,0.35156797771172443,3.9999660008272087,0.999992431977286,26.288158014032778,,0.10785705191063104,0.003317715050961895,true,
candidate-5,101,0.03,1.0,1.0,0.98,0.5,0.0,1,0.9717042622562398,0.4154646602082615,0.6317675054545469,0.4155833521235265,3.9999864929207343,1.0000062053395427,26.33169193578187,,0.20870621606045114,0.008779832439177796,true,
candidate-5,202,0.03,1.0,1.0,0.98,0.5,0.0,1,0.9698128348830445,0.3762476104059193,0.6178073404567065,0.3842239957527149,3.9999660291891086,0.9999943021457579,26.287367221575746,,0.09636217895679439,0.00022871242498635348,true,
candidate-5,303,0.03,1.0,1.0,0.98,0.5,0.0,1,0.9753653306326316,0.48556836226254246,0.5888820581430014,0.35122640629574703,3.9999662393479025,0.9999925108780507,26.287912013014335,,0.17887658932975797,0.004784504405981903,true,
candidate-6,101,0.03,1.0,2.0,0.98,0.1,0.0,1,0.971971693217413,0.438699550808992,0.6273989058250466,0.40987836708189174,3.999987483489389,1.0000037411379281,26.323654369883666,,0.04098533665352476,0.004996547114385569,true,
candidate-6,202,0.03,1.0,2.0,0.98,0.1,0.0,1,0.9700492414323855,0.3793737286058334,0.6178632384872256,0.3842768742511176,3.9999660031079434,0.9999942672398607,26.28730008008475,,0.019098040342210656,0.0010166062936914472,true,
candidate-6,303,0.03,1.0,2.0,0.98,0.1,0.0,1,0.9752072255805144,0.4803601433098096,0.591287547990184,0.3528617714320878,3.999967296836471,0.9999926066458512,26.288557130141527,,0.03554960899811904,0.005223864866216362,true,
candidate-7,101,0.03,1.0,2.0,0.98,0.3,0.0,1,0.9718075011537374,0.42477213784394025,0.6295863889267709,0.4130317817948406,3.999986897292687,1.0000048028691408,26.325551895901388,,0.12228854170439918,0.009654562025610113,true,
candidate-7,202,0.03,1.0,2.0,0.98,0.3,0.0,1,0.9699301783123355,0.3776842798597413,0.6178456007659459,0.38424822246389895,3.9999660464365903,0.9999942640552806,26.287260498582675,,0.05720782327246684,0.0006723848807418164,true,
candidate-7,303,0.03,1.0,2.0,0.98,0.3,0.0,1,0.9752004458823326,0.48054351952013163,0.5907095711518598,0.35224482286767006,3.9999673411720966,0.9999926444590401,26.28819679103442,,0.10613516091264795,0.0064255093048494975,true,
candidate-8,101,0.03,1.0,2.0,0.98,0.5,0.0,1,0.9715968585874796,0.41352619787419403,0.6310844576162797,0.41450534049540533,3.9999867929027473,1.0000058051718947,26.3272065540803,,0.20163164428789312,0.01646155101486591,true,
candidate-8,202,0.03,1.0,2.0,0.98,0.5,0.0,1,0.9698119773590588,0.3762355443755438,0.6178203282456429,0.3842075174355229,3.9999661256885575,0.9999942681691981,26.287210977742333,,0.09506030825890951,0.0004538921182380221,true,
candidate-8,303,0.03,1.0,2.0,0.98,0.5,0.0,1,0.975161524581021,0.48187049195794857,0.5901684140969795,0.3516349968362396,3.9999677949768047,0.9999927802258171,26.287814814475876,,0.17520908292168424,0.009218743977783904,true,
candidate-9,101,0.03,1.5,0.5,0.98,0.1,0.0,1,0.9733538956626397,0.5054345694671827,0.6456959781514832,0.4536864704396865,3.9999664699303388,1.0000107963364349,26.357290015867925,,0.06731148032402073,0.005237026521318785,true,
candidate-9,202,0.03,1.5,0.5,0.98,0.1,0.0,1,0.9700818421388414,0.3815012636922515,0.6211356910913257,0.391719984636802,3.999936314563131,0.9999884398692285,26.299366191176315,,0.028695074297539813,0.0008438070202137119,true,
candidate-9,303,0.03,1.5,0.5,0.98,0.1,0.0,1,0.9780662257088938,0.5651294460471898,0.5806879038802258,0.34876057433288155,3.9999124622015536,0.9999790822401691,26.29444907649259,,0.05675511738405708,0.005294254916493836,true,
candidate-10,101,0.03,1.5,0.5,0.98,0.3,0.0,1,0.9729846613225152,0.47672457850730926,0.6482496202100857,0.45792894185375843,3.999965356490633,1.0000120608047882,26.359547355359712,,0.20110684788098185,0.01022746636385238,true,
candidate-10,202,0.03,1.5,0.5,0.98,0.3,0.0,1,0.9699030983871126,0.37953445732831703,0.621117012842783,0.39168829822444917,3.999936360231233,0.9999884414878619,26.299306859482037,,0.08601242872846183,0.0005602998173754424,true,
candidate-10,303,0.03,1.5,0.5,0.98,0.3,0.0,1,0.9780686707550247,0.5642213012718311,0.5801464413339691,0.34824468942600445,3.999911993648535,0.9999790092155976,26.294101402524802,,0.16972496802871304,0.0071524412962756705,true,
candidate-11,101,0.03,1.5,0.5,0.98,0.5,0.0,1,0.9725732682596094,0.4550580873618392,0.6498799321418318,0.45978522090110086,3.9999648950541,1.0000130408790169,26.36141675134373,,0.33246551670673724,0.017640134543139317,true,
candidate-11,202,0.03,1.5,0.5,0.98,0.5,0.0,1,0.9697253729921858,0.3781065401817318,0.6210909465934473,0.39164406709605476,3.999936445788145,0.9999884521272352,26.29923317991952,,0.14311216379465735,0.0003821771515495502,true,
candidate-11,303,0.03,1.5,0.5,0.98,0.5,0.0,1,0.9780450571900925,0.5662533834816321,0.5796166988997238,0.34768946072271867,3.99991217356232,0.99997910339337,26.293695883170898,,0.28109523384665835,0.010775073912676358,true,
candidate-12,101,0.03,1.5,1.0,0.98,0.1,0.0,1,0.9729188524230022,0.4941820551785379,0.6408356176992226,0.44665314532902933,3.999968566208212,1.000008565000617,26.34754653962672,,0.06505897484749047,0.010039427347272905,true,
candidate-12,202,0.03,1.5,1.0,0.98,0.1,0.0,1,0.9700774394627668,0.38147054268203406,0.6211814247323462,0.39173412235974525,3.9999363616208323,0.9999884054112863,26.299038683835136,,0.028355423257319906,0.001664786149742386,true,
candidate-12,303,0.03,1.5,1.0,0.98,0.1,0.0,1,0.9777797460684428,0.5579462128621205,0.5831863291048248,0.3490483308123092,3.99991767214172,0.999980314733098,26.294063688271322,,0.05565152770844165,0.010200697100812992,true,
candidate-13,101,0.03,1.5,1.0,0.98,0.3,0.0,1,0.972693246488268,0.4694420153724764,0.6451709561646235,0.45403417800834905,3.999966673220527,1.0000107535017273,26.35062580916479,,0.1937367700517633,0.019246961794735926,true,
candidate-13,202,0.03,1.5,1.0,0.98,0.3,0.0,1,0.9698998589248957,0.379503748849014,0.6211441100836493,0.39167095251219386,3.9999364526858545,0.9999884086390106,26.29892296703783,,0.08492506681043484,0.0011078283025481644,true,
candidate-13,303,0.03,1.5,1.0,0.98,0.3,0.0,1,0.9777677707423517,0.5570181801501705,0.5822404804322131,0.34809531082948075,3.9999168345428835,0.9999801571624019,26.293505988210498,,0.16594684181199815,0.013708635526330351,true,
candidate-14,101,0.03,1.5,1.0,0.98,0.5,0.0,1,0.9723929877992792,0.44999821199627693,0.6481992679469023,0.4574610546830579,3.999965971089506,1.0000127886328314,26.35335424798535,,0.31823139918177,0.03250135263645043,true,
candidate-14,202,0.03,1.5,1.0,0.98,0.5,0.0,1,0.9697238318814551,0.37807626687369666,0.6210922147927754,0.3915830218986255,3.999936622853677,0.9999884297769022,26.298779871732584,,0.14107399330131065,0.000757714412357516,true,
candidate-14,303,0.03,1.5,1.0,0.98,0.5,0.0,1,0.9777035508873061,0.558243442165464,0.5813396993755757,0.3471093129752455,3.9999171992363114,0.9999803032646093,26.29288355918205,,0.27329192191762725,0.0204460952664732,true,
candidate-15,101,0.03,1.5,2.0,0.98,0.1,0.0,1,0.9722857521368552,0.47710029471487075,0.633211917151339,0.4354437432223754,3.9999715287196684,1.0000044157926735,26.335912231310843,,0.06122789038133497,0.01856553547608452,true,
candidate-15,202,0.03,1.5,2.0,0.98,0.1,0.0,1,0.9700688253038923,0.3814097698527947,0.6212689376661233,0.39176022371100805,3.9999364558291677,0.9999883358157484,26.298408957135024,,0.027710473705200668,0.0032428409771727944,true,
candidate-15,303,0.03,1.5,2.0,0.98,0.1,0.0,1,0.9772957031588576,0.5457554615128275,0.5871470363555763,0.3501027859873236,3.99992629721246,0.9999824061714129,26.293266930394964,,0.05367315876515332,0.01903105590683136,true,
candidate-16,101,0.03,1.5,2.0,0.98,0.3,0.0,1,0.9722555047121223,0.4581436696063903,0.6396837561497809,0.4469739793350912,3.9999686002919472,1.0000071430997768,26.33911310278291,,0.18141531863611027,0.0345027809397391,true,
candidate-16,202,0.03,1.5,2.0,0.98,0.3,0.0,1,0.9698935325354857,0.37944312942897007,0.6211945021337439,0.3916347030305948,3.999936636889117,0.9999883422983743,26.298188734186084,,0.08286525823955321,0.0021667808443781808,true,
candidate-16,303,0.03,1.5,2.0,0.98,0.3,0.0,1,0.9772576521955191,0.544700419578156,0.585682983565686,0.34848264962968156,3.9999249243019195,0.9999820910268539,26.292579871060745,,0.15924317907017993,0.02534600641248036,true,
candidate-17,101,0.03,1.5,2.0,0.98,0.5,0.0,1,0.9721183846763319,0.4419830587760756,0.6449688873169555,0.4528995036765926,3.9999678119964557,1.0000106385719494,26.342344641922463,,0.29513549677869905,0.05634214483173598,true,
candidate-17,202,0.03,1.5,2.0,0.98,0.5,0.0,1,0.9697208175321326,0.37801670238152224,0.6210916752043636,0.3914609497532649,3.9999369735125767,0.9999883841052053,26.29791863784494,,0.13723196416499597,0.0014898053453086236,true,
candidate-17,303,0.03,1.5,2.0,0.98,0.5,0.0,1,0.9771274186955183,0.5445299741200449,0.5843594983304831,0.34690660571426946,3.999925654824666,0.9999822923364832,26.29188085976999,,0.2597002876367647,0.037173679268666375,true,
candidate-18,101,0.03,2.0,0.5,0.98,0.1,0.0,1,0.9740751661501635,0.5741325934408059,0.6616775222508144,0.50116548115025,3.9999377747405744,1.0000167053060145,26.378377951967956,,0.09437661184290827,0.014953480511289696,true,
candidate-18,202,0.03,2.0,0.5,0.98,0.1,0.0,1,0.9701106161005705,0.3840503245387519,0.6255229538290791,0.40207950528889996,3.999905847704125,0.9999812865264823,26.31768852946179,,0.037913944816980794,0.0019715978245735052,true,
candidate-18,303,0.03,2.0,0.5,0.98,0.1,0.0,1,0.9804931264798517,0.6581209421970802,0.5760089062711562,0.3512898178953604,3.9998446534330645,0.9999614735046779,26.302515463464495,,0.07861604957061716,0.015000637765865809,true,
candidate-19,101,0.03,2.0,0.5,0.98,0.3,0.0,1,0.9737259201064795,0.5346798498925026,0.6680577910972049,0.5138920291722577,3.999933070921023,1.0000192767433356,26.382493908436665,,0.2806999683359956,0.02870191220097769,true,
candidate-19,202,0.03,2.0,0.5,0.98,0.3,0.0,1,0.9698745087425729,0.3821534191336792,0.6254701397939794,0.4019876822456684,3.9999059738613103,0.9999813010029595,26.31750533797131,,0.1135731477816207,0.0013114882639195446,true,
candidate-19,303,0.03,2.0,0.5,0.98,0.3,0.0,1,0.9804831161564926,0.6545546096817224,0.5748739322647807,0.3503756936638709,3.9998414352308895,0.9999607358376723,26.301892035277632,,0.23439385122490533,0.021699158128694836,true,
candidate-20,101,0.03,2.0,0.5,0.98,0.5,0.0,1,0.9732863521963282,0.5040438981704226,0.6724256732957724,0.519751254876816,3.999930721888565,1.0000215626134872,26.386093521029736,,0.4600325194887393,0.04850661726565601,true,
candidate-20,202,0.03,2.0,0.5,0.98,0.5,0.0,1,0.9696405064916663,0.38121589607888234,0.6253979199056807,0.4018609363606656,3.9999062098084077,0.9999813420755121,26.317279006453074,,0.188729409210408,0.0009050516524940891,true,
candidate-20,303,0.03,2.0,0.5,0.98,0.5,0.0,1,0.9804124429791982,0.6544526487605338,0.5737640874147799,0.3493501106671967,3.9998402404759474,0.9999605269444735,26.301135831927112,,0.38591739952664755,0.033261097772930785,true,
candidate-21,101,0.03,2.0,1.0,0.98,0.1,0.0,1,0.9732571059402991,0.5454762547898994,0.6504396524267135,0.48374455778883924,3.999944531799577,1.0000114473629307,26.362161751364567,,0.0886365404554892,0.027526799064599903,true,
candidate-21,202,0.03,2.0,1.0,0.98,0.1,0.0,1,0.970100233733774,0.3839772801156811,0.6256024180591175,0.40207807575981386,3.999905926398344,0.9999812669392435,26.316697779666313,,0.03717054087903259,0.0038483451189875793,true,
candidate-21,303,0.03,2.0,1.0,0.98,0.1,0.0,1,0.9798916378823144,0.6377330452275104,0.5801596566800156,0.34939576269655237,3.9998640893362363,0.9999664877900164,26.300407596170615,,0.07535062293166361,0.02793280969864695,true,
candidate-22,101,0.03,2.0,1.0,0.98,0.3,0.0,1,0.9731633039436621,0.5149407750920783,0.6600091529369991,0.5036122945979709,3.9999378152378626,1.000015454157273,26.366536823394636,,0.262077172370839,0.05113202215050967,true,
candidate-22,202,0.03,2.0,1.0,0.98,0.3,0.0,1,0.9698668056677119,0.38207430381982277,0.6254973428727554,0.401895653604584,3.9999061771101454,0.9999812958122495,26.316345019447997,,0.1111903614106126,0.0025698671541902448,true,
candidate-22,303,0.03,2.0,1.0,0.98,0.3,0.0,1,0.979849603933672,0.634595710670803,0.5783449968525437,0.3476885609889314,3.999858789153671,0.9999652016759427,26.299569408939536,,0.22359206551405314,0.03980033616503265,true,
candidate-23,101,0.03,2.0,1.0,0.98,0.5,0.0,1,0.9729330129931477,0.4895277484135176,0.6676017343779527,0.5136587375698257,3.9999350756006353,1.0000203817905493,26.370843669681634,,0.42478305114991793,0.08343229147728339,true,
candidate-23,202,0.03,2.0,1.0,0.98,0.5,0.0,1,0.969636692360393,0.38112585711330255,0.6253544762510436,0.40164508586081726,3.999906643537568,0.9999813771505538,26.3159120680603,,0.18425786897980156,0.0017826395074549198,true,
candidate-23,303,0.03,2.0,1.0,0.98,0.5,0.0,1,0.9796963032564033,0.6332646381878958,0.5766518290157423,0.34594502185257087,3.9998569732570575,0.9999648066556454,26.29862464583342,,0.36473524706929705,0.059690435099596206,true,
candidate-24,101,0.03,2.0,2.0,0.98,0.1,0.0,1,0.9722480516982348,0.5085644039857203,0.635064263232411,0.45929222694516547,3.9999511521634554,1.000003088901369,26.34611071283561,,0.08008495597416844,0.04769698870975569,true,
candidate-24,202,0.03,2.0,2.0,0.98,0.1,0.0,1,0.9700802589993769,0.38383386371000794,0.6257478741335936,0.40206818940206407,3.999906083907961,0.9999812212777704,26.3148262746995,,0.03581129129194956,0.0073499150624110185,true,
candidate-24,303,0.03,2.0,2.0,0.98,0.1,0.0,1,0.9789600235230635,0.6072312851811993,0.5860705766386192,0.34946749358043205,3.999890669542871,0.9999734524879363,26.297086274814024,,0.07011159182493111,0.049271821356819796,true,
candidate-25,101,0.03,2.0,2.0,0.98,0.3,0.0,1,0.9724376635875992,0.48880367668259433,0.6468745595234471,0.48561753268901237,3.999942570090007,1.000005993618982,26.349108122454936,,0.23487186208015765,0.0844689192313452,true,
candidate-25,202,0.03,2.0,2.0,0.98,0.3,0.0,1,0.9698520391138902,0.38191951787701006,0.6255400341633872,0.4017082316258173,3.9999065791155095,0.9999812783293454,26.31417153422082,,0.1068478062890381,0.004943167188695141,true,
candidate-25,303,0.03,2.0,2.0,0.98,0.3,0.0,1,0.978867428350164,0.6043615937865958,0.5836749256225141,0.34672573327728257,3.999882961199652,0.9999714705168065,26.29649224455821,,0.20659036664247557,0.0686316457506944,true,
candidate-26,101,0.03,2.0,2.0,0.98,0.5,0.0,1,0.9724694171014818,0.4697786074964041,0.658728524350272,0.5008708562763042,3.9999411235739006,1.0000128127309218,26.35287328788705,,0.3751649170754385,0.13153975850343733,true,
candidate-26,202,0.03,2.0,2.0,0.98,0.5,0.0,1,0.9696293763296459,0.3809506787253375,0.6252605378982246,0.40121852163516963,3.999907490994632,0.9999814371998982,26.313378192815648,,0.17616529652647467,0.0034620895206537335,true,
candidate-26,303,0.03,2.0,2.0,0.98,0.5,0.0,1,0.9785980532215401,0.6010107602104275,0.5816286293724969,0.3441973370044969,3.999880794358133,0.9999708552038935,26.295955511706197,,0.33236823471255333,0.0997740245350363,true,
candidate-27,101,0.05,1.0,0.5,0.98,0.1,0.0,1,0.9540794413285437,0.27706382612970004,0.47193736935965724,0.24763874099362412,3.9999507132855876,1.0000136800589967,26.140907520045147,,0.059843771096341244,0.001048910918782041,true,
candidate-27,202,0.05,1.0,0.5,0.98,0.1,0.0,1,0.9500957567592151,0.19610204103356066,0.4462020311881328,0.20306875549020265,3.9999239350622857,0.9999856819846785,26.068560858723792,,0.025038903381970398,0.00014987425108360463,true,
candidate-27,303,0.05,1.0,0.5,0.98,0.1,0.0,1,0.9591735515271705,0.3137978140873599,0.4124843509098862,0.17981697932341387,3.999875078155318,0.9999695386091795,26.060446012375717,,0.04982337019119122,0.0010063338323977008,true,
candidate-28,101,0.05,1.0,0.5,0.98,0.3,0.0,1,0.9535522217403153,0.2515644011781596,0.472849059293479,0.2485020930512754,3.9999504414176337,1.0000144453721447,26.14238655237711,,0.17917478652581756,0.0023363932676160235,true,
candidate-28,202,0.05,1.0,0.5,0.98,0.3,0.0,1,0.9498967788834084,0.19483757793677084,0.44619535760808926,0.20306102030067333,3.9999239576377463,0.9999856834566409,26.068526103782368,,0.07508797952355753,0.00009641676168234651,false,nonlinear ablation unchanged
candidate-28,303,0.05,1.0,0.5,0.98,0.3,0.0,1,0.9591860894122991,0.3143531178562849,0.41229585121149037,0.17969958795185464,3.9998751066993945,0.9999695759965415,26.060260550428904,,0.1492503196798319,0.0015354133915119188,true,
candidate-29,101,0.05,1.0,0.5,0.98,0.5,0.0,1,0.9530082598540672,0.23975369618878895,0.4733071434052503,0.2485790586286555,3.9999505522547585,1.000014980050186,26.143563716409215,,0.2974461900628713,0.0045003386643900755,true,
candidate-29,202,0.05,1.0,0.5,0.98,0.5,0.0,1,0.9496986629119024,0.1943613196449233,0.4461858626295094,0.2030497678542738,3.99992400096382,0.9999856897713537,26.068482901331326,,0.12505100064089517,0.00007301963892813609,false,nonlinear ablation unchanged
candidate-29,303,0.05,1.0,0.5,0.98,0.5,0.0,1,0.9591893009418367,0.3197879888245371,0.4121060926348413,0.1795610279458895,3.99987554691223,0.9999697219670435,26.060031428729648,,0.24802209911438688,0.0026728441525878132,true,
candidate-30,101,0.05,1.0,1.0,0.98,0.1,0.0,1,0.9538139301697778,0.27442949506819825,0.4701726213416077,0.24612327711694984,3.9999511791367155,1.0000130363664301,26.13364235206773,,0.059292558911576594,0.002063603952478939,true,
candidate-30,202,0.05,1.0,1.0,0.98,0.1,0.0,1,0.9500935449300031,0.19609585702081386,0.4462143647977839,0.20307056765720558,3.9999239429109568,0.9999856686660107,26.068368614826348,,0.024967481019817224,0.0002979579110170744,true,
candidate-30,303,0.05,1.0,1.0,0.98,0.1,0.0,1,0.9590152095668707,0.31226742747805536,0.4132044192333127,0.17961401423398146,3.9998761667052016,0.9999697760493937,26.060000199195493,,0.04956865317090115,0.0019827837684687102,true,
candidate-31,101,0.05,1.0,1.0,0.98,0.3,0.0,1,0.9533781658603461,0.2499661088760876,0.4718823259723737,0.24776053968558442,3.9999506629427577,1.0000145114571057,26.136079300414114,,0.17719259924183406,0.004564302909337176,true,
candidate-31,202,0.05,1.0,1.0,0.98,0.3,0.0,1,0.9498951431373607,0.19483075069708308,0.4462010249242918,0.2030551138576481,3.9999239880238617,0.9999856715988337,26.06829983556927,,0.07484541089149051,0.00019184831276058628,true,
candidate-31,303,0.05,1.0,1.0,0.98,0.3,0.0,1,0.9590203928816875,0.3127791302896905,0.4128460926867229,0.1793856794314211,3.999876230063047,0.999969839993563,26.059658078084787,,0.14827483693174198,0.0030220025253169503,true,
candidate-32,101,0.05,1.0,1.0,0.98,0.5,0.0,1,0.9529016080489843,0.2386804192857872,0.4727708136972096,0.24789915731305806,3.9999509067439276,1.000015631619677,26.13808216993835,,0.29307386967679605,0.00871338799125427,true,
candidate-32,202,0.05,1.0,1.0,0.98,0.5,0.0,1,0.9496978726285698,0.19435329594169484,0.44618207206807736,0.20303265811842047,3.999924074513682,0.9999856841918958,26.068214494492615,,0.12455278421512474,0.00014554614875731601,true,
candidate-32,303,0.05,1.0,1.0,0.98,0.5,0.0,1,0.9590009435060938,0.3178785038655407,0.41249001198101404,0.17912183773039603,3.9998771053097193,0.9999701165703592,26.05924524086372,,0.24570367994559644,0.005240793309663876,true,
candidate-33,101,0.05,1.0,2.0,0.98,0.1,0.0,1,0.9533632681792417,0.2697718269492728,0.4670238857768748,0.24335700692470114,3.99995201693274,1.0000108832427321,26.122814570209258,,0.058251753721811426,0.0039981568830763205,true,
candidate-33,202,0.05,1.0,2.0,0.98,0.1,0.0,1,0.950089164638802,0.19608355033736594,0.4462385569132415,0.2030740028245349,3.9999239586060633,0.9999856416555677,26.067990335426806,,0.024827397512967107,0.0005889213648989493,true,
candidate-33,303,0.05,1.0,2.0,0.98,0.1,0.0,1,0.9587247919970633,0.30940478553739637,0.41452914788111545,0.17931387629707832,3.9998782384480207,0.9999702797231133,26.059286960756246,,0.04907849581592452,0.0038525234843254743,true,
candidate-34,101,0.05,1.0,2.0,0.98,0.3,0.0,1,0.9530774035541748,0.24711048992420864,0.4700542254413387,0.24631715486438854,3.9999510800273703,1.000013599431605,26.126232738520176,,0.17348430002541482,0.008728714436635874,true,
candidate-34,202,0.05,1.0,2.0,0.98,0.3,0.0,1,0.9498919064595344,0.19481717923863529,0.44621190788305054,0.20304316202356104,3.9999240486805054,0.9999856474793881,26.06785564034457,,0.07436979165362458,0.0003798354653666084,true,
candidate-34,303,0.05,1.0,2.0,0.98,0.3,0.0,1,0.9587155712442608,0.30982130277381087,0.4138799991225234,0.17888225426606136,3.999878387653907,0.9999703777010138,26.058716475092943,,0.14640484906418597,0.005859770276850067,true,
candidate-35,101,0.05,1.0,2.0,0.98,0.5,0.0,1,0.9527156310675761,0.23673633731515814,0.47173174668921936,0.24653984720953404,3.9999516482294566,1.0000160028539886,26.129218730926922,,0.285027598533842,0.016397030364077275,true,
candidate-35,202,0.05,1.0,2.0,0.98,0.5,0.0,1,0.9496963078050262,0.19433737541579904,0.4461741514882849,0.20299844677251636,3.9999242210150423,0.9999856725224816,26.067689113191168,,0.12357708622884618,0.0002891509180013667,true,
candidate-35,303,0.05,1.0,2.0,0.98,0.5,0.0,1,0.958654901231561,0.314282833574596,0.4132506382056187,0.17840214249654684,3.999880116685896,0.9999708829264926,26.05805567688251,,0.24129780832247266,0.010090149940290954,true,
candidate-36,101,0.05,1.5,0.5,0.98,0.1,0.0,1,0.9557896958574117,0.366799535998165,0.5035565518313486,0.30935125565882854,3.999856773382253,1.0000173487219364,26.191243741567494,,0.10143255096386879,0.005135740492107739,true,
candidate-36,202,0.05,1.5,0.5,0.98,0.1,0.0,1,0.9501525129369661,0.19862032418770784,0.45251866165320326,0.2141662386740516,3.9998723008396087,0.9999729400461457,26.106502115196655,,0.03755264934762133,0.0005140956598387922,true,
candidate-36,303,0.05,1.5,0.5,0.98,0.1,0.0,1,0.9635574803409224,0.4210250192015503,0.4073004757694133,0.19114097599909874,3.999717091968657,0.9999316534326067,26.08021849987313,,0.08187241273880907,0.004915344907594063,true,
candidate-37,101,0.05,1.5,0.5,0.98,0.3,0.0,1,0.9551388093091785,0.320507553793213,0.5074445446187371,0.3142251449225526,3.999852635719415,1.0000194520743602,26.195559652268443,,0.30234858192726904,0.011387302718071786,true,
candidate-37,202,0.05,1.5,0.5,0.98,0.3,0.0,1,0.9498573159044786,0.19808212091162272,0.4524894774314979,0.21413107248232952,3.999872393929602,0.9999729464640861,26.106348852255813,,0.1125608709830181,0.00033056126331183734,true,
candidate-37,303,0.05,1.5,0.5,0.98,0.3,0.0,1,0.9635665287507271,0.41684345013182134,0.4067281346586648,0.19094583875004392,3.9997160813110884,0.9999315167425923,26.07980836315161,,0.2445880228169157,0.008361404425504199,true,
candidate-38,101,0.05,1.5,0.5,0.98,0.5,0.0,1,0.9544239145891527,0.29902590121395395,0.5094561767667952,0.31469244695065385,3.999853119991409,1.000021797607985,26.19914143608829,,0.49760635124220465,0.021784793762351182,true,
candidate-38,202,0.05,1.5,0.5,0.98,0.5,0.0,1,0.9495643377197854,0.19930809156572996,0.4524489602879738,0.2140805236615359,3.999872571044466,0.9999729728059307,26.10615907415296,,0.18727891549413306,0.0002645904292084025,true,
candidate-38,303,0.05,1.5,0.5,0.98,0.5,0.0,1,0.9635376500808914,0.42019118984213044,0.4061356068491601,0.19061722083486007,3.9997167230092003,0.9999317815667214,26.07922683557388,,0.40427415546897,0.014773265097757894,true,
candidate-39,101,0.05,1.5,1.0,0.9,0.3,0.0,1,0.9542262127097709,0.2929193676546554,0.49387921528850237,0.2927359104998566,3.999886801104157,1.0000213890553433,26.163972322973894,,0.26040362619102925,0.01771762220984813,true,
candidate-39,202,0.05,1.5,1.0,0.9,0.3,0.0,1,0.9498603985247944,0.1971251795000842,0.4507402948157051,0.21094741992629795,3.999885154601556,0.9999760655882531,26.095116248678355,,0.10239570637994959,0.0005949881878661316,true,
candidate-39,303,0.05,1.5,1.0,0.9,0.3,0.0,1,0.9619666569969708,0.3816732130166147,0.40868281762455794,0.18408266160330436,3.9997597599030623,0.9999402700844312,26.070955050112083,,0.21480825701951867,0.012938717373777777,true,
candidate-40,101,0.05,1.5,1.0,0.98,0.1,0.0,1,0.955031206123651,0.35394051396533815,0.4966696115343713,0.3029046193384749,3.999863401437306,1.00001919944884,26.172144806447726,,0.09883751098638026,0.009824974279901456,true,
candidate-40,202,0.05,1.5,1.0,0.98,0.1,0.0,1,0.95014498834871,0.19859845415167862,0.45254283502015086,0.21415829195398514,3.999872321060256,0.9999729178768069,26.105674349385378,,0.037322461348837634,0.0010141274456271483,true,
candidate-40,303,0.05,1.5,1.0,0.98,0.1,0.0,1,0.9630664096562738,0.41304947285795107,0.40850428163645364,0.18785511865442683,3.999724194960167,0.9999319600038884,26.076812935045247,,0.08043704430883378,0.009461511919926963,true,
candidate-41,101,0.05,1.5,1.0,0.98,0.3,0.0,1,0.9546297423178156,0.3121030890784202,0.5033649929710841,0.3115348906206594,3.9998564970245916,1.0000228214297622,26.177826915762836,,0.2930059835331998,0.02136282670908131,true,
candidate-41,202,0.05,1.5,1.0,0.98,0.3,0.0,1,0.9498516651832732,0.19805386010845474,0.4524846437471333,0.2140881677534172,3.9998725067672347,0.9999729318507578,26.105373251406355,,0.11177624531429425,0.0006534387146645397,true,
candidate-41,303,0.05,1.5,1.0,0.98,0.3,0.0,1,0.9630509947054822,0.40912502495761266,0.4074676203497509,0.1874292104278425,3.9997222813938076,0.9999316112879479,26.076100292161165,,0.23940633341530468,0.01595940812837588,true,
candidate-42,101,0.05,1.5,1.0,0.98,0.3,0.0,2,0.9521023774288746,0.21976423605809792,0.5051254248686292,0.26553063768128815,3.9999687238679376,0.9999995874278479,26.11472304180653,,0.07616060303908383,0.0005400164564480687,true,
candidate-42,202,0.05,1.5,1.0,0.98,0.3,0.0,2,0.9466684661039111,0.18701572753446608,0.4584318071308584,0.21302493155148108,3.99994303723103,0.9999900097246187,26.05065495437955,,0.08511666376847334,0.00006410578623083408,false,nonlinear ablation unchanged
candidate-42,303,0.05,1.5,1.0,0.98,0.3,0.0,2,0.9553052874488579,0.2580131025293639,0.4051532921495395,0.1701780172059013,3.9999550711800747,1.0000039175653066,26.074032500231453,,0.155542557240387,0.0012384346512956488,true,
candidate-43,101,0.05,1.5,1.0,0.98,0.3,0.01,1,0.9546297423178156,0.3121030890784202,0.5033649929710841,0.3115348906206594,3.9998564970245916,1.0000228214297622,26.121024039802528,,0.2930059835331998,0.02136282670908131,true,
candidate-43,202,0.05,1.5,1.0,0.98,0.3,0.01,1,0.9498516651832732,0.19805386010845474,0.4524846437471333,0.2140881677534172,3.9998725067672347,0.9999729318507578,26.0485781289566,,0.11177624531429425,0.0006534387146645397,true,
candidate-43,303,0.05,1.5,1.0,0.98,0.3,0.01,1,0.9630509947054822,0.40912502495761266,0.4074676203497509,0.1874292104278425,3.9997222813938076,0.9999316112879479,26.019308373892887,,0.23940633341530468,0.01595940812837588,true,
candidate-44,101,0.05,1.5,1.0,0.98,0.3,0.05,1,0.9546297423178156,0.3121030890784202,0.5033649929710841,0.3115348906206594,3.9998564970245916,1.0000228214297622,24.905552090090147,,0.2930059835331998,0.02136282670908131,true,
candidate-44,202,0.05,1.5,1.0,0.98,0.3,0.05,1,0.9498516651832732,0.19805386010845474,0.4524846437471333,0.2140881677534172,3.9998725067672347,0.9999729318507578,24.83329176692908,,0.11177624531429425,0.0006534387146645397,true,
candidate-44,303,0.05,1.5,1.0,0.98,0.3,0.05,1,0.9630509947054822,0.40912502495761266,0.4074676203497509,0.1874292104278425,3.9997222813938076,0.9999316112879479,24.804098702280086,,0.23940633341530468,0.01595940812837588,true,
candidate-45,101,0.05,1.5,1.0,0.98,0.5,0.0,1,0.9541065960434814,0.29320211978203037,0.5070861578263297,0.3122521540324724,3.9998578002322605,1.0000272760138382,26.18288974963717,,0.477260852199018,0.03991196536416998,true,
candidate-45,202,0.05,1.5,1.0,0.98,0.5,0.0,1,0.9495614274174723,0.1992659678741575,0.45240409463003034,0.21398761700947413,3.9998728590338946,0.9999729858711311,26.10500166342741,,0.18566071328713946,0.0005253607746805772,true,
candidate-45,303,0.05,1.5,1.0,0.98,0.5,0.0,1,0.9629530610118706,0.4117495602451902,0.40642897240965353,0.1868192516674007,3.9997236570930945,0.9999320944804005,26.07514711675616,,0.3928519698947632,0.02778787555032548,true,
candidate-46,101,0.05,1.5,1.0,1.0,0.3,0.0,1,0.9547313319544015,0.3172461489679956,0.505861617467837,0.3165303831487573,3.9998481029615562,1.0000230273027166,26.181358731164252,,0.3015155039745399,0.022378848871468245,true,
candidate-46,202,0.05,1.5,1.0,1.0,0.3,0.0,1,0.9498495756280148,0.19829920945733223,0.4529423106944588,0.21491908016758318,3.9998693173743463,0.9999721615930326,26.108004342075,,0.11414683875772341,0.0006683958401869186,true,
candidate-46,303,0.05,1.5,1.0,1.0,0.3,0.0,1,0.9633225981889015,0.4163143238461373,0.4072067400111911,0.1883972525982575,3.9997137105085523,0.9999297852077929,26.077472731218315,,0.24574478214774198,0.016808991131909964,true,
candidate-47,101,0.05,1.5,2.0,0.98,0.1,0.0,1,0.9539321728242854,0.3342522969032269,0.4858312544018409,0.2921726457224822,3.999872624787347,1.0000126903430333,26.1499915380791,,0.09436463240126887,0.01810965710741303,true,
candidate-47,202,0.05,1.5,2.0,0.98,0.1,0.0,1,0.9501302690617673,0.19855518229833125,0.45258838595473827,0.21414131088873736,3.9998723613677867,0.9999728785200879,26.10406211455106,,0.03688225775401181,0.0019749075840123833,true,
candidate-47,303,0.05,1.5,2.0,0.98,0.1,0.0,1,0.9622396383520022,0.3994904306223879,0.4108515094580307,0.18360690128871293,3.999736846736957,0.9999342410402016,26.072085311500956,,0.07787998849022224,0.017629226694333058,true,
candidate-48,101,0.05,1.5,2.0,0.98,0.3,0.0,1,0.9538681387897514,0.2989455099955556,0.496111715712648,0.3060022937630134,3.999862437699505,1.000018815482948,26.15548530617437,,0.2772417252848072,0.038135286186255876,true,
candidate-48,202,0.05,1.5,2.0,0.98,0.3,0.0,1,0.9498406351878504,0.19799806316523738,0.452472724496855,0.21400189686444157,3.999872730913784,0.9999729105325839,26.103480966127588,,0.11027571725794294,0.0012775248442472265,true,
candidate-48,303,0.05,1.5,2.0,0.98,0.3,0.0,1,0.9621798633568945,0.39588485622836067,0.40914459762775574,0.18271707865443138,3.9997334393444635,0.9999334541181394,26.071166324963432,,0.23032249359966317,0.029308362031589513,true,
candidate-49,101,0.05,1.5,2.0,0.98,0.5,0.0,1,0.9536251062328225,0.2838549135890739,0.5025829245075024,0.3067200240022388,3.9998661788284524,1.0000284610905408,26.16109770396667,,0.44424870917325693,0.06871052754147415,true,
candidate-49,202,0.05,1.5,2.0,0.98,0.5,0.0,1,0.9495557468235084,0.1991830749956279,0.452313555344144,0.21380296031061968,3.9998734277393972,0.9999730231119689,26.102768482205043,,0.18257157122666648,0.0010359508958000762,true,
candidate-49,303,0.05,1.5,2.0,0.98,0.5,0.0,1,0.9619698040098692,0.3971878477933412,0.40752519364184575,0.1816643302741743,3.9997365031496086,0.9999343363277247,26.070018301205895,,0.3733470506416355,0.04981846484895959,true,
candidate-50,101,0.05,2.0,0.5,0.98,0.1,0.0,1,0.9570985954091068,0.48988125522187154,0.5410289058502925,0.3906119866383135,3.9997108778083743,1.0000162237102108,26.235584188040022,,0.15476844603766254,0.01856569351405947,true,
candidate-50,202,0.05,2.0,0.5,0.98,0.1,0.0,1,0.9502127376044333,0.2016996698499548,0.461157366604704,0.23016432199857045,3.999816786924742,0.9999617612338794,26.15066777528559,,0.05086833227396446,0.0012885352602333207,true,
candidate-50,303,0.05,2.0,0.5,0.98,0.1,0.0,1,0.9676702099975466,0.5612664524218779,0.4066277135043099,0.21147261741972415,3.9996481072108603,0.9999284504157475,26.104721138624697,,0.11961407975748362,0.01832003771096247,true,
candidate-51,101,0.05,2.0,0.5,0.98,0.3,0.0,1,0.9564680915411257,0.41950893862232347,0.5518956949168577,0.4100122333996431,3.999676108919312,1.0000145684892292,26.24361154366591,,0.4566958666978503,0.04100685218664526,true,
candidate-51,202,0.05,2.0,0.5,0.98,0.3,0.0,1,0.9498239567238022,0.20271642936948378,0.4610733621452441,0.23005996369306442,3.9998170562673203,0.9999617259491963,26.150293332170435,,0.1523612921164782,0.000818427334296346,true,
candidate-51,303,0.05,2.0,0.5,0.98,0.3,0.0,1,0.9676617224627049,0.5481497732821882,0.40550004487840197,0.2120345164603008,3.999650279029518,0.9999295613272207,26.104141250093075,,0.3556193942137922,0.03286627486871669,true,
candidate-52,101,0.05,2.0,0.5,0.98,0.5,0.0,1,0.9556930370554684,0.38166285902053615,0.5578148627112057,0.413256659676177,3.9996714629436134,1.0000202986448476,26.250686551510256,,0.7377129724313612,0.07735737701892782,true,
candidate-52,202,0.05,2.0,0.5,0.98,0.5,0.0,1,0.949439578051412,0.2068135459522801,0.46095833294581956,0.22991044489832693,3.999817561072146,0.9999617373247442,26.149831247508452,,0.2531281520515355,0.0006872028185739861,true,
candidate-52,303,0.05,2.0,0.5,0.98,0.5,0.0,1,0.9675605040712335,0.5435743209373649,0.4043139356218973,0.21219739435597204,3.9996529991835184,0.9999306480463348,26.103132307648544,,0.5823097940044714,0.057160278746179974,true,
candidate-53,101,0.05,2.0,1.0,0.98,0.1,0.0,1,0.9556599032313797,0.4507453848192479,0.524489201862083,0.3717822196661768,3.9997505490986125,1.0000281882259587,26.203792702597447,,0.14635186432755004,0.03376532152970244,true,
candidate-53,202,0.05,2.0,1.0,0.98,0.1,0.0,1,0.9501948574332716,0.20164595442374306,0.4611785738173873,0.23011640833967584,3.9998168353489976,0.9999614608567412,26.148682347158008,,0.0503050789351554,0.002513644808681229,true,
candidate-53,303,0.05,2.0,1.0,0.98,0.1,0.0,1,0.9666342744028307,0.5342453579369861,0.40727282374882207,0.19816598771436952,3.999651074772506,0.9999201830266682,26.095398400869506,,0.1140988730671146,0.03373873440921217,true,
candidate-54,101,0.05,2.0,1.0,0.98,0.3,0.0,1,0.9554758857848904,0.39222923284067457,0.5412108415245629,0.40244462539033315,3.9997057415620922,1.0000277356999128,26.21177796785164,,0.4267594250640082,0.07158807792661817,true,
candidate-54,202,0.05,2.0,1.0,0.98,0.3,0.0,1,0.9498103444469609,0.20263824155389326,0.46101170887616066,0.22990887004575594,3.9998173709597755,0.9999614028518344,26.14795234609757,,0.15044205924041645,0.0016028755821380042,true,
candidate-54,303,0.05,2.0,1.0,0.98,0.3,0.0,1,0.9665709964468122,0.523034267153837,0.40531249933911245,0.19842718831525405,3.999653282728461,0.9999214900021122,26.09454349459093,,0.33717319281622926,0.05902806206194571,true,
candidate-55,101,0.05,2.0,1.0,0.98,0.5,0.0,1,0.9550638176115953,0.36248307554227677,0.5514489509324356,0.40668299403943536,3.9996999446875017,1.0000372527485617,26.21982105232211,,0.6753192256146312,0.129142214190723,true,
candidate-55,202,0.05,2.0,1.0,0.98,0.5,0.0,1,0.9494321740995799,0.20668011318769272,0.4607843822776345,0.22961283246671393,3.9998183680266615,0.9999614418738605,26.14705630020851,,0.24917848173874305,0.0013575952173826681,true,
candidate-55,303,0.05,2.0,1.0,0.98,0.5,0.0,1,0.9663285770160983,0.5181760983137507,0.40337887657758986,0.19835069901832422,3.9996582684716446,0.9999233561439812,26.09313942570359,,0.5455922818013168,0.09931023136007254,true,
candidate-56,101,0.05,2.0,2.0,0.98,0.1,0.0,1,0.9538969341732667,0.4006056506887228,0.5015632072154848,0.345010022879455,3.9997883384602835,1.0000126060209895,26.173515075830082,,0.1338254148519388,0.057482221815147706,true,
candidate-56,202,0.05,2.0,2.0,0.98,0.1,0.0,1,0.9501604736428058,0.20154052565986114,0.46121184257099057,0.23001706685503198,3.9998169311427443,0.9999609325139851,26.14485694015199,,0.04926816990745723,0.004796054614745085,true,
candidate-56,303,0.05,2.0,2.0,0.98,0.1,0.0,1,0.9650396721850815,0.49467151001088683,0.4100098399484639,0.18555921252259594,3.9996649171870593,0.9999168650920907,26.083209290876525,,0.10562004188218706,0.05855112706832579,true,
candidate-57,101,0.05,2.0,2.0,0.98,0.3,0.0,1,0.954203962594777,0.3561199976052403,0.5232058202145197,0.38651279638388997,3.9997416721376355,1.0000129553058326,26.17822248675301,,0.38352725302281593,0.1152939746413762,true,
candidate-57,202,0.05,2.0,2.0,0.98,0.3,0.0,1,0.9497842771015075,0.20248535152688496,0.46088270576120166,0.2296066744748915,3.9998179903817426,0.9999608622396913,26.1434692025252,,0.14690763208801125,0.0030804273251693673,true,
candidate-57,303,0.05,2.0,2.0,0.98,0.3,0.0,1,0.9648897685345008,0.48563939717261007,0.4071018363044291,0.18479677675106398,3.9996630104196766,0.99991671778357,26.082834753257814,,0.30973606381291235,0.09879698978752648,true,
candidate-58,101,0.05,2.0,2.0,0.98,0.5,0.0,1,0.9542431223879012,0.3363802074488584,0.5390981761763286,0.3889015953861048,3.999741709243361,1.0000310285027634,26.18444891566818,,0.5906009867784451,0.19700611330806073,true,
candidate-58,202,0.05,2.0,2.0,0.98,0.5,0.0,1,0.9494180278363599,0.2064207320228959,0.46043874740963336,0.22902630744366087,3.999819936285638,0.9999609976253944,26.141783462615752,,0.24192532045379408,0.0026515682331573545,true,
candidate-58,303,0.05,2.0,2.0,0.98,0.5,0.0,1,0.9644495107572835,0.4798823295161997,0.4044690574735579,0.18405229572780107,3.9996709698705546,0.9999191571172754,26.082010401068338,,0.4931778365589358,0.15907713108190732,true,
candidate-59,101,0.1,1.0,0.5,0.98,0.1,0.0,1,0.9086931696369157,0.0903099779685441,0.2416010472992657,0.07815431319493439,3.9995622387001237,1.0000020015540438,25.68006206453284,,0.08450617272110166,0.0005008270481915833,true,
candidate-59,202,0.1,1.0,0.5,0.98,0.1,0.0,1,0.9002303455338042,0.0361809841877239,0.1950948783191537,0.04156381644428287,3.999802944340539,0.9999601378794354,25.54543962118286,,0.030331585089517547,0.000034745436582167174,false,nonlinear ablation unchanged
candidate-59,303,0.1,1.0,0.5,0.98,0.1,0.0,1,0.918639151356011,0.1114292884045559,0.17211450041766965,0.04342371356215801,3.9996455397282116,0.9999457000966954,25.507617128918316,,0.06717048948689608,0.0004455311407260496,true,
candidate-60,101,0.1,1.0,0.5,0.98,0.3,0.0,1,0.9075359128175852,0.09172800241455403,0.2425067143236666,0.07837237814473381,3.9995669814774786,1.0000117621819835,25.683860767447804,,0.2527050865884479,0.0015809385107376976,true,
candidate-60,202,0.1,1.0,0.5,0.98,0.3,0.0,1,0.8998389731765325,0.0409005154179705,0.19508682474523914,0.04155978742914112,3.999803001738816,0.9999601199868545,25.545339273205247,,0.09095907847619733,0.000026397694527925787,false,nonlinear ablation unchanged
candidate-60,303,0.1,1.0,0.5,0.98,0.3,0.0,1,0.9186765207132555,0.11875431585245065,0.17199434211015052,0.04340305567043424,3.9996457724612338,0.9999458695679062,25.50752415340633,,0.20110245795490106,0.0010748236493853894,true,
candidate-61,101,0.1,1.0,0.5,0.98,0.5,0.0,1,0.9063668470399021,0.14874083779764516,0.24260643495808062,0.07778687268044172,3.999581027707079,1.000022193436794,25.686885015115873,,0.41850438012954033,0.004103570853676985,true,
candidate-61,202,0.1,1.0,0.5,0.98,0.5,0.0,1,0.8994506111280733,0.049859183251979675,0.19507514080506516,0.04155352858415286,3.999803114919994,0.9999601110779623,25.545214953230722,,0.1514797190779635,0.0000798621318585328,false,nonlinear ablation unchanged
candidate-61,303,0.1,1.0,0.5,0.98,0.5,0.0,1,0.9187099473560992,0.14313856982610518,0.17185146630888878,0.04334199566543069,3.9996462951309613,0.9999459961574817,25.50725307164663,,0.3338192531547043,0.0025801181823650507,true,
candidate-62,101,0.1,1.0,1.0,0.98,0.1,0.0,1,0.9081156446896959,0.08884044290869685,0.23997661894474454,0.07774427409899873,3.9995630144952856,0.9999857255288169,25.661034083396334,,0.08417344581002117,0.0009849243336172368,true,
candidate-62,202,0.1,1.0,1.0,0.98,0.1,0.0,1,0.9002257196839771,0.03617884316148812,0.19509649930118417,0.041562404393272884,3.99980295209198,0.999960038672347,25.544904306550293,,0.030313082286376296,0.00006903469734682773,false,nonlinear ablation unchanged
candidate-62,303,0.1,1.0,1.0,0.98,0.1,0.0,1,0.9183050965265279,0.11069098661299803,0.1718592147273865,0.0428005070691201,3.999645664954137,0.9999419112914822,25.50266570415812,,0.06701008500666754,0.0008780236404437695,true,
candidate-63,101,0.1,1.0,1.0,0.98,0.3,0.0,1,0.907156198116442,0.0912125012468856,0.24169013163327552,0.07814960317732429,3.999572578914191,0.9999990694396114,25.667308726543105,,0.2509277313252315,0.003093467878691538,true,
candidate-63,202,0.1,1.0,1.0,0.98,0.3,0.0,1,0.8998354285906153,0.040895038449056564,0.19508040963968498,0.04155435387291378,3.999803066816472,0.9999600037755639,25.544704853440308,,0.09086803848542309,0.00005258996593668325,false,nonlinear ablation unchanged
candidate-63,303,0.1,1.0,1.0,0.98,0.3,0.0,1,0.9183273918584638,0.11808040238092675,0.17162544094065332,0.0427581511818079,3.9996461298249133,0.9999422920083293,25.502425229998543,,0.2002230487771565,0.0021174648258454713,true,
candidate-64,101,0.1,1.0,1.0,0.98,0.5,0.0,1,0.9061312699043768,0.14762631509608581,0.24187120060425987,0.07701152819562797,3.9996003799636792,1.0000156895549723,25.672472537637145,,0.41305806945025997,0.00795731709260031,true,
candidate-64,202,0.1,1.0,1.0,0.98,0.5,0.0,1,0.8994486583796163,0.04984350707075903,0.19505709318327408,0.04154185881305472,3.999803292751952,0.9999599872269512,25.544458089986943,,0.1512100765503809,0.00015946502251559713,true,
candidate-64,303,0.1,1.0,1.0,0.98,0.5,0.0,1,0.9183138166506701,0.14229369205545836,0.17135357456473016,0.042641111017492496,3.999647164002692,0.9999426402580605,25.50187563754233,,0.3310600520724382,0.005056362216223839,true,
candidate-65,101,0.1,1.0,2.0,0.98,0.1,0.0,1,0.9071397600853982,0.08624011156020867,0.2370227502232548,0.07691216059904873,3.9995644400722723,0.999985421689564,25.632594391736934,,0.08354053831345683,0.0019069283587297787,true,
candidate-65,202,0.1,1.0,2.0,0.98,0.1,0.0,1,0.9002165602336154,0.03617458318065649,0.19509953233628152,0.041559543982241084,3.999802967586457,0.9999598449840567,25.54384349286331,,0.030276704520322457,0.00013629046554087336,true,
candidate-65,303,0.1,1.0,2.0,0.98,0.1,0.0,1,0.9176944738446356,0.10930910161937275,0.17147281449808127,0.04170282724579062,3.999645903301495,0.9999354578007087,25.49506228757167,,0.06670033514140244,0.0017068397661282161,true,
candidate-66,101,0.1,1.0,2.0,0.98,0.3,0.0,1,0.9065027666826939,0.09028223166623293,0.24010765398180564,0.07760721894005018,3.999583815314141,0.9999991828638604,25.641210027441574,,0.24756138949904227,0.005935207258941776,true,
candidate-66,202,0.1,1.0,2.0,0.98,0.3,0.0,1,0.8998284175476505,0.040884136974507296,0.19506742355468945,0.041543473055315985,3.9998031967479766,0.9999597786830554,25.54344950197896,,0.09068826352127346,0.00010437726250849886,true,
candidate-66,303,0.1,1.0,2.0,0.98,0.3,0.0,1,0.9176870810617466,0.11680895371138546,0.17103086885641627,0.04161571427494966,3.999646830585485,0.9999363013133137,25.494521234582418,,0.19852730951351075,0.004113552416015451,true,
candidate-67,101,0.1,1.0,2.0,0.98,0.5,0.0,1,0.9057220244762024,0.14546253413225965,0.2404045704386519,0.07545517783014506,3.999637309850463,1.000021628415479,25.648805662258006,,0.40295652188369463,0.01502233801703966,true,
candidate-67,202,0.1,1.0,2.0,0.98,0.5,0.0,1,0.8994447977319667,0.04981230485159744,0.1950209960453527,0.04151857317058023,3.9998036469203844,0.999959750547024,25.542963374176804,,0.1506770741177659,0.0003178986352144008,true,
candidate-67,303,0.1,1.0,2.0,0.98,0.5,0.0,1,0.917588077004354,0.1406777091265126,0.17053683019190904,0.041400100391889474,3.9996488585056813,0.9999371855191358,25.493497790784712,,0.32580306791384905,0.009726860185717081,true,
candidate-68,101,0.1,1.5,0.5,0.98,0.1,0.0,1,0.912645904647644,0.20242749127713408,0.30531742005575147,0.1478801299131891,3.9980907292933607,0.999798723881468,25.80942815648798,,0.17044596874117848,0.0044244904004186415,true,
candidate-68,202,0.1,1.5,0.5,0.98,0.1,0.0,1,0.9003918116505103,0.038874681685676656,0.20674530056192228,0.05125655579243882,3.999629375329942,0.9999557980455425,25.638704696754075,,0.04742545802151801,0.0001457476807127753,true,
candidate-68,303,0.1,1.5,0.5,0.98,0.1,0.0,1,0.9277149040391066,0.22032120529999993,0.18452516222445653,0.07721286899118815,3.998953111484851,0.9999507480950727,25.60382395213492,,0.12451782692429467,0.003983286330126819,true,
candidate-69,101,0.1,1.5,0.5,0.98,0.3,0.0,1,0.9111557252188799,0.15831701081777355,0.31035104690148474,0.1512216677608769,3.9980999935033554,0.9998339289833919,25.819428814536394,,0.5035394695358636,0.014910265413874182,true,
candidate-69,202,0.1,1.5,0.5,0.98,0.3,0.0,1,0.8998160600180917,0.050507698290529056,0.20670865298465282,0.05123704275146812,3.9996296514888434,0.9999555502075301,25.638384293158204,,0.14213758824138786,0.00010455398327153623,true,
candidate-69,303,0.1,1.5,0.5,0.98,0.3,0.0,1,0.9277592080007829,0.20927874268982824,0.18432766628352448,0.07761651680134389,3.9989480927557506,0.9999509775483084,25.60418861552177,,0.3706844139048224,0.01013683030873244,true,
candidate-70,101,0.1,1.5,0.5,0.98,0.5,0.0,1,0.9095706185162072,0.22806903631782943,0.3109298707658284,0.14717116409312114,3.9982609441746284,0.9998998522706543,25.82750604538513,,0.8151044704742457,0.03844894288749321,true,
candidate-70,202,0.1,1.5,0.5,0.98,0.5,0.0,1,0.8992475716272763,0.06814686402569833,0.2066560920566777,0.051206771295293725,3.9996301943866728,0.9999552998142212,25.637987790266106,,0.23643515734405587,0.00031137269320989294,true,
candidate-70,303,0.1,1.5,0.5,0.98,0.5,0.0,1,0.9277567062979125,0.22449285635927604,0.18399169673638258,0.07767018982052551,3.9989533861199744,0.9999520460510207,25.603842343154785,,0.6085691503216799,0.022856910254560447,true,
candidate-71,101,0.1,1.5,1.0,0.98,0.1,0.0,1,0.9109517665730386,0.19093240825476546,0.2985104620516029,0.14496385509126283,3.9981226237549685,0.9997217747163566,25.763874806676437,,0.1675211875749657,0.008419682582700322,true,
candidate-71,202,0.1,1.5,1.0,0.98,0.1,0.0,1,0.9003757572446492,0.03886582255775272,0.20673577000540613,0.05124676100702885,3.9996294128776433,0.9999548964558873,25.63704130792855,,0.04734415250741772,0.0002870897588074586,true,
candidate-71,303,0.1,1.5,1.0,0.98,0.1,0.0,1,0.9266614451947067,0.21421455821089405,0.18093267225976448,0.07159174012004596,3.998975149582516,0.9999055745091253,25.582942852750577,,0.12279721511523738,0.007636799868067812,true,
candidate-72,101,0.1,1.5,1.0,0.98,0.3,0.0,1,0.9100133788716511,0.15363180352671144,0.3073909618022517,0.15064458517054302,3.9981478439038405,0.9997752781549414,25.77817507690908,,0.4883021197445848,0.027620572045862293,true,
candidate-72,202,0.1,1.5,1.0,0.98,0.3,0.0,1,0.8998034034011472,0.050481960548680135,0.2066626947854888,0.05120782511217213,3.9996299641458886,0.9999544147248478,25.63640819671653,,0.14175666884456967,0.00020726628771005568,true,
candidate-72,303,0.1,1.5,1.0,0.98,0.3,0.0,1,0.9266546010436139,0.20412956386922634,0.18049874953257197,0.07224395899361817,3.9989662786122757,0.9999061383359472,25.583082425387275,,0.363092691028143,0.01915603528266206,true,
candidate-73,101,0.1,1.5,1.0,0.98,0.5,0.0,1,0.9088462027679259,0.22443595934933375,0.30830322832801865,0.14293385307404674,3.998446231964591,0.9998949808154912,25.79074204255936,,0.7722624059341079,0.06838520721841838,true,
candidate-73,202,0.1,1.5,1.0,0.98,0.5,0.0,1,0.8992399087099335,0.068073810546842,0.20655814547509513,0.051147548838962206,3.9996310439949356,0.9999539343526134,25.635627134974534,,0.23534889187573127,0.0006202761067449758,true,
candidate-73,303,0.1,1.5,1.0,0.98,0.5,0.0,1,0.9265068297128353,0.2196482894697984,0.1798749512898198,0.07231965764029953,3.9989772605926523,0.9999092777283883,25.581990342687412,,0.5885409137712807,0.0420836015087127,true,
candidate-74,101,0.1,1.5,2.0,0.98,0.1,0.0,1,0.9085205560188239,0.17346125702664691,0.2872291222989676,0.1394000851831933,3.9981755798139065,0.9997536027067402,25.70879556458926,,0.16246849853074283,0.015379886978536931,true,
candidate-74,202,0.1,1.5,2.0,0.98,0.1,0.0,1,0.900344368611862,0.03884831233288554,0.20671549857102856,0.05122693456624781,3.9996294878303487,0.9999531196706616,25.633777116434658,,0.04718822153839045,0.000557530284338399,true,
candidate-74,303,0.1,1.5,2.0,0.98,0.1,0.0,1,0.9249027459887312,0.20395427404900202,0.17627958254074874,0.06325298550418777,3.9990115520015204,0.999853579850861,25.555604489529138,,0.11976351362848324,0.014132879319264508,true,
candidate-75,101,0.1,1.5,2.0,0.98,0.3,0.0,1,0.9083196553870091,0.14665807372979983,0.3013705282571153,0.14760399569647828,3.998246143827931,0.9997824433316472,25.722493620834147,,0.4629044074230047,0.0483685617536574,true,
candidate-75,202,0.1,1.5,2.0,0.98,0.3,0.0,1,0.899778725758203,0.05043103443490565,0.20657023092169238,0.05114942305659541,3.99963058620359,0.9999522101647523,25.632540728024303,,0.14101979313406107,0.0004075510208960875,true,
candidate-75,303,0.1,1.5,2.0,0.98,0.3,0.0,1,0.9248024850514267,0.19541087074179442,0.1753689353681485,0.06414679410016376,3.998997412762778,0.999855144870606,25.555445281039237,,0.3500673120723861,0.03460846773798082,true,
candidate-76,101,0.1,1.5,2.0,0.98,0.5,0.0,1,0.9077561828203624,0.2174315019797315,0.3023890797501766,0.13370741751552162,3.9987307166263344,0.9999335340931494,25.737290035665968,,0.7063802511394693,0.11300093922595654,true,
candidate-76,202,0.1,1.5,2.0,0.98,0.5,0.0,1,0.8992250077996571,0.06792937782686227,0.2063634003077765,0.05102992428365279,3.9996327224905746,0.9999513276601585,25.631024658869805,,0.2332442103314105,0.0012307789074645686,true,
candidate-76,303,0.1,1.5,2.0,0.98,0.5,0.0,1,0.9244194883273754,0.21133178857672805,0.1742927320107145,0.06422021157999587,3.9990205989652945,0.9998635567041679,25.55339727699985,,0.5556060852570631,0.07301654947208334,true,
candidate-77,101,0.1,2.0,0.5,0.98,0.1,0.0,1,0.9158295720736966,0.4358464270692292,0.3883500653709182,0.2744357718538047,3.9972018674024863,0.9997214331534319,25.909721214623083,,0.3188761730213295,0.03071462050088692,true,
candidate-77,202,0.1,2.0,0.5,0.98,0.1,0.0,1,0.900578331600353,0.04266383885308437,0.2235160581955697,0.06587733209842556,3.9993683914174807,0.9999783862310402,25.727405122724363,,0.06823486652645235,0.00045478404073779727,true,
candidate-77,303,0.1,2.0,0.5,0.98,0.1,0.0,1,0.936292166793171,0.4267453386189159,0.2058561199134431,0.13070902911891083,3.9980299760494025,1.0000138625557249,25.693740833595708,,0.20849976334546086,0.02809536157217998,true,
candidate-78,101,0.1,2.0,0.5,0.98,0.3,0.0,1,0.9143123510198852,0.2911381202052853,0.4079146401377299,0.31103912573661274,3.996967620221624,0.9997260412374063,25.925917719298848,,0.9049054662095372,0.10754033919188026,true,
candidate-78,202,0.1,2.0,0.5,0.98,0.3,0.0,1,0.8998263640613247,0.06305421260087091,0.22340738148708583,0.06581575684365429,3.9993693468467457,0.9999770800448002,25.726671906398213,,0.20427597115063487,0.0002955361111050959,true,
candidate-78,303,0.1,2.0,0.5,0.98,0.3,0.0,1,0.9363181198735493,0.3806894801972921,0.2064100171568508,0.13579944722848777,3.9979228316530855,0.9999958089387952,25.695073432786238,,0.6127229974370583,0.0701567334773565,true,
candidate-79,101,0.1,2.0,0.5,0.98,0.5,0.0,1,0.9125376190074818,0.30868183009298406,0.4114373154676795,0.30151125856629285,3.997606153062432,0.9999405048475798,25.939281001709382,,1.3726393798400427,0.2513497688889622,true,
candidate-79,202,0.1,2.0,0.5,0.98,0.5,0.0,1,0.8990880498304804,0.09024185768935342,0.22325198247121078,0.06571975458313895,3.9993712164058497,0.9999756578977348,25.725764193565965,,0.33904382319032056,0.0008981494570338248,true,
candidate-79,303,0.1,2.0,0.5,0.98,0.5,0.0,1,0.9362026046925211,0.36001176642637867,0.20656132844063813,0.1393413191259585,3.9978404466661974,0.9999789047319524,25.695431930579172,,0.9815130727214028,0.14222748947143696,true,
candidate-80,101,0.1,2.0,1.0,0.98,0.1,0.0,1,0.9125546571660336,0.3801505374543903,0.36886433119111944,0.2511982965443056,3.9972809121345336,0.9996198069025738,25.843105805042896,,0.3010469993364191,0.05418277098202991,true,
candidate-80,202,0.1,2.0,1.0,0.98,0.1,0.0,1,0.9005394719624591,0.04263771591418198,0.22346236877773487,0.06584463830681977,3.9993685226719324,0.9999758568676121,25.723657629917508,,0.06795106900618589,0.0008845578337701842,true,
candidate-80,303,0.1,2.0,1.0,0.98,0.1,0.0,1,0.9340463371203636,0.3932304183338908,0.19180575375951633,0.10497185413150478,3.9982350203946297,0.9999061090072326,25.65934525210221,,0.19637802779204963,0.050249428276484286,true,
candidate-81,101,0.1,2.0,1.0,0.98,0.3,0.0,1,0.91203931404321,0.2608075377724667,0.3996883767487889,0.3032033748787427,3.9970041640949234,0.9996244620885136,25.862076453691817,,0.8247176449205033,0.17408075428319322,true,
candidate-81,202,0.1,2.0,1.0,0.98,0.3,0.0,1,0.8997949730142721,0.06297238320948681,0.22324626256805813,0.06572204218872102,3.999370425088792,0.9999733702120279,25.722221629313267,,0.20301104762766167,0.000581538549505572,true,
candidate-81,303,0.1,2.0,1.0,0.98,0.3,0.0,1,0.9339554158508688,0.3531162419228777,0.19204867420494431,0.11166290129562464,3.9980752677835136,0.9998804750811403,25.66008242437886,,0.5711061470882989,0.11887949073149086,true,
candidate-82,101,0.1,2.0,1.0,0.98,0.5,0.0,1,0.9110650572506548,0.29969484027280596,0.40438024274879525,0.28035949816969136,3.998054712094727,0.999969841800877,25.881447200945768,,1.1922210051284738,0.3733208756193425,true,
candidate-82,202,0.1,2.0,1.0,0.98,0.5,0.0,1,0.8990675981694352,0.09001130473128176,0.22293860552986397,0.06553171364359041,3.9993741192080807,0.9999706887498969,25.720453395402544,,0.33559285271768907,0.001782024294150183,true,
candidate-82,303,0.1,2.0,1.0,0.98,0.5,0.0,1,0.9335395239910909,0.3364716234055177,0.19195493506979566,0.11659484513595836,3.997940829399756,0.9998545495221236,25.658841667437034,,0.8952149995328281,0.22678359644025994,true,
candidate-83,101,0.1,2.0,2.0,0.98,0.1,0.0,1,0.9085977714318857,0.3129410775706281,0.3411593254318369,0.22369712952652296,3.9973805424011486,0.9997158129794568,25.775867202614744,,0.2759273125044516,0.08832657766453057,true,
candidate-83,202,0.1,2.0,2.0,0.98,0.1,0.0,1,0.9004648274878339,0.04258659987049225,0.22335106242586267,0.06577824870753152,3.999368783791121,0.9999706266722935,25.7164187904505,,0.06742707206119136,0.0016785401215389589,true,
candidate-83,303,0.1,2.0,2.0,0.98,0.1,0.0,1,0.9306386257665485,0.34730629982378464,0.17840494807525542,0.07732917109026789,3.998466012178369,0.9997952227137109,25.61117494228207,,0.17921714484555976,0.08355209502747676,true,
candidate-84,101,0.1,2.0,2.0,0.98,0.3,0.0,1,0.9091633530835459,0.22516537913627943,0.38263613819556636,0.2834993066371543,3.997203272005896,0.9996683192195407,25.787143447647114,,0.7207935342398075,0.2563691427921864,true,
candidate-84,202,0.1,2.0,2.0,0.98,0.3,0.0,1,0.8997349960367277,0.06281200128218734,0.22292381593183533,0.06553525045945773,3.999372555513428,0.9999661239639723,25.713660483365896,,0.20065034166805332,0.0011285210128719298,true,
candidate-84,303,0.1,2.0,2.0,0.98,0.3,0.0,1,0.9303622084529274,0.31447383093254166,0.17760121469488482,0.0844436904505628,3.9982547076001933,0.9997621804217073,25.612890557644427,,0.5162592286107747,0.18449515505165648,true,
candidate-85,101,0.1,2.0,2.0,0.98,0.5,0.0,1,0.9091680242900533,0.28409836421227586,0.3856640279724033,0.23643364555893487,3.9985087122894676,1.0000379951272589,25.805171882516472,,0.9863001039545403,0.5050172117246164,true,
candidate-85,202,0.1,2.0,2.0,0.98,0.5,0.0,1,0.8990287791387048,0.0895608377665732,0.22232076801001463,0.0651610933356483,3.999379770192071,0.9999613623346002,25.71029911336728,,0.32915925173796645,0.0035079531621421698,true,
candidate-85,303,0.1,2.0,2.0,0.98,0.5,0.0,1,0.929527889230966,0.3031079790257603,0.17683102928545805,0.09013895785641297,3.9980562332238656,0.9997257392540306,25.61054248199489,,0.7868394994216846,0.3289901186218009,true,
